org_cn_head,org_cn_head_clean,org_cn_head_en
北京师范大学,北京师范大学,Beijing Normal University
“万种园”项目首席科学家,“万种园”项目,"""Ten Thousand Plants Garden"" Project"
“中国科学与人文论坛”长,中国科学与人文论坛,China Science and Humanities Forum
“论坛”处宣传,“论坛”处宣传,Publicity at the Forum
)中国科学院,中国科学院,Chinese Academy of Sciences
"Asian Disaster Reduction & Response Network, New Delhi",Asian Disaster Reduction & Response Network,Asian Disaster Reduction & Response Network
"CAS Center for Excellence in Tibetan Plateau Earth Sciences, Beijing",中国科学院青藏高原研究所,"Institute of Tibetan Plateau Research, Chinese Academy of Sciences"
"Center for Disaster Studies, Defense University, Indonesia",Defense University,Defense University
"Centre for Positive Psychology and Education, University of Western     Sydney, Australia",University of Western Sydney,Western Sydney University
"ChinaRS Co. Ltd, Beijing",ChinaRS,ChinaRS
"CNR-IIA, Sesto Fiorentino",CNR-IIA,CNR-IIA
"CNR-IMAA(Institute of Methodologies for Environmental Analysis), Tito Scalo(PZ)",Institute of Methodologies for Environmental Analysis,Institute of Methodologies for Environmental Analysis
"CODATA(Committee on Data of the International Council for Science), Paris",Committee on Data of the International Council for Science,Committee on Data of the International Council for Science
"COMSATS Institute of Information Technology(CⅡT), Islamabad",COMSATS Institute of Information Technology,COMSATS Institute of Information Technology
COMSATS信息技术学院,COMSATS信息技术学院,COMSATS School of Information Technology
"Delft University of Technology, Delft AA",Delft University of Technology,Delft University of Technology
"Delft University of Technology, Delft CN",Delft University of Technology,Delft University of Technology
"Department of Education, Oxford University, U. K.",Oxford University,University of Oxford
"Department of Environmental Sciences, University of Virginia, VA",University of Virginia,University of Virginia
"Department of Geography, University of Peshawar, Khyber Pakhunkhwa",University of Peshawar,University of Peshawar
"Department of Learning and Philosophy, Aalborg University, Denmark",Aalborg University,Aalborg University
"Department of Soil Science, Bangladesh Agricultural University, Mymensingh-",Bangladesh Agricultural University,Bangladesh Agricultural University
"Department of Zoology and Environment Sciences, University of Colombo, Colombo",University of Colombo,University of Colombo
"European Commission, Joint Research Centre(JRC), Ispra(VA) I-","European Commission,Joint Research Centre","European Commission,Joint Research Centre"
"European Space Agency, Frascati",European Space Agency,英文：European Space Agency
"Finnish Meteorological Institute, Arctic Research Center, Helsinki FI-",Finnish Meteorological Institute,Finnish Meteorological Institute
"Food and Agriculture Organization of the United Nations, Rome",Food and Agriculture Organization of the United Nations,Food and Agriculture Organization of the United Nations，FAO
"Geoscience & Digital Earth Centre(INSTeG), Research Institute for Sustainable Environment, Universiti Teknologi Malaysia, Johor Bahru",Universiti Teknologi Malaysia,University of Technology Malaysia
"Geospatial Information Agency/Indonesian Society for Remote Sensing, Cibinong",Geospatial Information Agency/Indonesian Society for Remote Sensing,Geospatial Information Agency/Indonesian Society for Remote Sensing
IBM瑞士实验室,IBM瑞士实验室,IBM Switzerland Laboratory
"Indian Institute of Public Administration, New Delhi-",Indian Institute of Public Administration,Indian Institute of Public Administration
"Insititute of Remote Sensing and Digital Eerth, CAS, Beijing",中国科学院对地观测与数字地球科学中心,Institute of Remote Sensing and Digital Earth，Chinese Academy of Sciences
"Institut des Ré.gions Arides(IRA), Mé.denine",Institut des Ré.gions Arides,Institute of Arid Regions
"Institute of Atmospheric Physics, Chinese Academy of Sciences, Beijing",中国科学院大气物理研究所,Institute of Atmospheric Physics，Chinese Academy of Sciences
"Institute of Earthquake Science, China Earthquake Administration, Beijing",中国地震局地震预测研究所,"Institute of Earthquake Forecasting,CEA"
"Institute of Remote Sensing and Digital Earth, Chinese Academy of Science, Beijing",中国科学院对地观测与数字地球科学中心,Institute of Remote Sensing and Digital Earth，Chinese Academy of Sciences
"Institute of Remote Sensing and Digital Earth, Chinese Academy of Sciences, Beijing",中国科学院对地观测与数字地球科学中心,Institute of Remote Sensing and Digital Earth，Chinese Academy of Sciences
"Institute of Remote Sensing and Digital Earth(RADI), Chinese Academy of Sciences, Beijing",中国科学院对地观测与数字地球科学中心,Institute of Remote Sensing and Digital Earth，Chinese Academy of Sciences
"Institute of Space and Earth Information Science, The Chinese University of Hong Kong, Hong Kong",香港中文大学,The Chinese University of Hong Kong
"International Centre for Integrated Mountain Development(ICIMOD), Kathmandu G. P. O. Box",International Centre for Integrated Mountain Development,International Centre for Integrated Mountain Development
"International Centre on Space Technologies for Natural and Cultural Heritage, Beijing",国际自然与文化遗产空间技术中心,International Centre for Space Technologies for Natural and Cultural Heritage
International Centre on Space Technologies for Natural and Cultural Heritage(HIST) under the Auspices of,国际自然与文化遗产空间技术中心,International Centre for Space Technologies for Natural and Cultural Heritage
"International Centre on Space Technologies for Natural and Cultural Heritage(HIST) under the Auspices ofCNR-IBAM(Institute for Archaeological and Monumental Heritage), Tito Scalo(PZ)",国际自然与文化遗产空间技术中心,International Centre for Space Technologies for Natural and Cultural Heritage
"IRDR IPO, Beijing",IRDR IPO,IRDR IPO
"IRDR Science Committee, Divonne-les-Bains F-",IRDR Science Committee,IRDR Science Committee
"isardSAT S. L., Barcelona",isardSAT,chamoisSAT
"Key Lab of Regional Climate-Environment for East Asia, Chinese Academy of Sciences, Beijing",中国科学院大气物理研究所,Institute of Atmospheric Physics，Chinese Academy of Sciences
"Key Laboratory of Digital Earth Science, Institute of Remote Sensing and Digital Earth, Chinese Academy of Sciences, Beijing",中国科学院对地观测与数字地球科学中心,Institute of Remote Sensing and Digital Earth，Chinese Academy of Sciences
"King Saud University, Saudi Arabia",King Saud University,King Saud University
"Laboratory for Remote Sensing and Geoinformatics, University of Texas at San Antonio, San Antonio TX",University of Texas,University of Texas
LAMOST项目,LAMOST项目,LAMOST Project
Max Planck Institute for Informatics Saarbrücken,Max Planck Institute for Informatics Saarbrücken,Max Planck Institute for Informatics Saarbrücken
Max Planck Institute for Polymer Research Mainz,Max Planck Institute for Polymer Research Mainz,Max Planck Institute for Polymer Research Mainz
"Ministry of Science and Technology of Lao P. D. R., Vientiane",Ministry of Science and Technology of Lao P. D. R.,Ministry of Science and Technology of Lao P. D. R.
"Myanmar Engineering Society, Yangon Anwarul","Myanmar Engineering Society,Yangon Anwarul","Myanmar Engineering Society,Yangon Anwarul"
"Nansen Environmental and Remote Sensing Center, Bergen N-",Nansen Environmental and Remote Sensing Center,Nansen Environmental and Remote Sensing Center
"Nansen-Zhu International Research Center, Institute of Atmospheric Physics, Chinese Academy of Sciences, Beijing",中国科学院大气物理研究所,Institute of Atmospheric Physics，Chinese Academy of Sciences
"National Satellite Meteorological Centre of China, Beijing",国家卫星气象中心,National Satellite Meteorological Centre
"National Society of Earthquake Technology-Nepal(NSET), Kathmandu",National Society of Earthquake Technology-Nepal,National Society of Earthquake Technology-Nepal
"National University of Mongolia, Ulan Bator",National University of Mongolia,National University of Mongolia
"Northwest Institute of Eco-environment and Resources, Chinese Academy of Sciences, Lanzhou",中国科学院西北生态环境资源研究院,"Northwest Institute of Eco-Environment and Resources, Chinese Academy of Sciences"
"Pan-Eurasian Experiment(PEEX), University of Helsinki, Helsinki",University of Helsinki,Helsingin yliopisto
"Politecnico Di Milano, Milano",Politecnico Di Milano,Politecnico di Milano
"Remote Sensing Department, Mandalay Technological University, Mandalay",Mandalay Technological University,Mandalay Technological University
"SEADPRI-Universiti Kebangsaan Malaysia, Institute for Environment and Development, Bangi",Institute for Environment and Development,Institute for Environment and Development
"South African Environmental Observation Network, Pretoria,",South African Environmental Observation Network,South African Environmental Observation Network
"State Key Laboratory of Coastal and Offshore Engineering, Dalian University of Technology, Dalian",大连理工大学,Dalian University of Technology
"The National Remote Sensing Center of China(NRSCC), Beijing",国家遥感中心,National Remote Sensing Center
TWAS北京办公室,TWAS北京办公室,TWAS Beijing Office
"UNISDR Scientific and Technical Advisory Group(STAG)/Integrated Research on Disaster Risk/Public Health Consultant in Global Disaster Risk Reduction, Public Health England, London SEUG",UNISDR Scientific and Technical Advisory Group,UNISDR Scientific and Technical Advisory Group
"University of Twente, Enschede AA",University of Twente,University of Twente
"University of Twente, Enschede AE",University of Twente,University of Twente
"Yunnan University, Kunming",云南大学,Yunnan University
一带一路学院,一带一路学院,Belt and Road Academy
一带一路研究院,一带一路研究院,Belt and Road Research Institute
上海中国科学院,上海中国科学院,Shanghai Chinese Academy of Sciences
上海交通大学,上海交通大学,Shanghai Jiao Tong University
上海人工智能实验室,上海人工智能实验室,Shanghai Artificial Intelligence Laboratory
上海佘山地球物理国家野外科学观测研究站,上海佘山地球物理国家野外科学观测研究站,Shanghai Sheshan National Geophysical Field Scientific Observation and Research Station
上海光学精密机械研究所,上海光学精密机械研究所,"Shanghai Institute of Optics and Fine Mechanics, Chinese Academy of Sciences"
上海冶金研究所,上海冶金研究所,Shanghai Institute of Microsystem and Information Technology ，简称SIMIT
上海原子核研究所,上海原子核研究所,Shanghai Institute of Nuclear Research
上海城建职业学院,上海城建职业学院,Shanghai Urban ConstructionVocational College
上海大学,上海大学,Shanghai University
上海对外经贸大学,上海对外经贸大学,Shanghai University of International Business and Economics
上海市发展和改革委员会,上海市发展和改革委员会,Shanghai Development and Reform Commission
上海市地质调查研究院,上海市地质调查研究院,Shanghai Institute of Geological Survey
上海市环境科学院,上海市环境科学院,Shanghai Academy of Environmental Sciences
上海市科学学研究所,上海市科学学研究所,Shanghai Institute for Science of Science
上海市科技党委,上海市科技党委,Shanghai Science and Technology Party Committee
上海师范大学,上海师范大学,Shanghai Normal University
上海微系统与信息技术研究所,上海微系统与信息技术研究所,Shanghai Institute of Microsystem and Information Technology ，简称SIMIT
上海技术物理研究所,上海技术物理研究所,Shanghai Institute of Technical Physics of the Chinese Academy of Sciences
上海数据交易所有限公司,上海数据交易所有限公司,"Shanghai Data Exchange Co., Ltd."
上海昆虫研究所,上海昆虫研究所,Shanghai Institute of Entomology
上海有机化学研究所,上海有机化学研究所,"英文：Shanghai institute of Organic Chemistry,Chinese Academy of Sciences"
上海核工程研究设计院,上海核工程研究设计院,Shanghai Nuclear Engineering Research and Design Institute
上海植物生理研究所,上海植物生理研究所,Shanghai Institute of Plant Physiology
上海理工大学,上海理工大学,University of Shanghai for Science and Technology
上海生命科学研究院,上海生命科学研究院,Shanghai Institutes for Biological Sciences，缩写为SIBS
上海生物信息技术研究中心,上海生物信息技术研究中心,Shanghai Center for Bioinformation Technology
上海生物化学研究所,上海生物化学研究所,Shanghai Institute of Biochemistry
上海生理研究所,上海生理研究所,Shanghai Institute of Physiology
上海电机厂,上海电机厂,Shanghai Electric Motor Factory
上海硅酸盐研究所,上海硅酸盐研究所,Shanghai Institute of Ceramics，Chinese Academy of Sciences
上海社会科学院,上海社会科学院,Shanghai Academy of Social Sciences
上海科技大学,上海科技大学,ShanghaiTech University
上海细胞生物学研究所,上海细胞生物学研究所,Shanghai Institute of Cell Biology
上海脑研究所,上海脑研究所,Shanghai Brain Research Institute
上海药物研究所,上海药物研究所,Chinese Academy of Sciences Shanghai Institute of Materia Medica
上海财经大学,上海财经大学,Shanghai University of Finance and Economics
上海超级计算中心,上海超级计算中心,Shanghai Supercomputing Center
世界银行北京代表处,世界银行北京代表处,World Bank Beijing Office
东北国际医院,东北国际医院,Northeast International Hospital
东北大学,东北大学,Northeastern University
东北工学院,东北工学院,Northeastern University
东北师范大学,东北师范大学,Northeast Normal University
东北林业大学,东北林业大学,Northeast Forestry University
东北财经大学,东北财经大学,Dongbei University of Finance and Economics
东华大学,东华大学,Donghua University
东南大学,东南大学,Southeast University
东城区“依托数字城市技术创建城市管理新模式”项目组,东城区“依托数字城市技术创建城市管理新模式”项目,"Dongcheng District ""Creating a New Urban Management Model Based on Digital City Technology"" Project"
东方科学仪器进出口公司,东方科学仪器进出口公司,Oriental Scientific Instruments Import & Export Corporation
东海海洋观测研究站,东海海洋观测研究站,East China Sea Ocean Observation and Research Station
中交第一航务工程勘察设计院有限公司,中交第一航务工程勘察设计院有限公司,"CCCC First Navigation Engineering Survey and Design Institute Co., Ltd."
中信证券风险控制部,中信证券风险控制部,CITIC Securities Risk Control Department
中共中央党校(国家行政学院,中共中央党校(国家行政学院,Central Party School of the Communist Party of China (National School of Administration
中共中央党校哲学部科技哲学教研室,中共中央党校哲学部科技哲学教研室,"Department of Philosophy, Party School of the Central Committee of the Communist Party of China, Science and Technology Philosophy Teaching and Research Section"
中共中央军事委员会,中共中央军事委员会,Central Military Commission of the Communist Party of China
中共中央政治局,中共中央政治局,Political Bureau of the CPC Central Committee
中共北京市东城区委员会,中共北京市东城区委员会,Beijing Dongcheng District Committee of the Communist Party of China
中共重庆市委党校,中共重庆市委党校,Chongqing Municipal Party School
中华人民共和国人与生物圈国家委员会处,中华人民共和国人与生物圈国家委员会处,National Committee on Man and the Biosphere of the People's Republic of China
中华人民共和国住房和城乡建设部,中华人民共和国住房和城乡建设部,Ministry of Housing and Urban-Rural Development of the People's Republic of China
中华人民共和国公安部,中华人民共和国公安部,The Ministry of Public Security of the People's Republic of China
中华人民共和国农业农村部,中华人民共和国农业农村部,Ministry of Agriculture and Rural Affairs of the People's Republic of China
中华人民共和国农业部,中华人民共和国农业部,The ministry of agriculture of the People's Republic of China
中华人民共和国农业部科教司,中华人民共和国农业部科教司,"Department of Science and Technology, Ministry of Agriculture of the People's Republic of China"
中华人民共和国国土资源部,中华人民共和国国土资源部,Ministry of Land and Resources of the People's Republic of China
中华人民共和国国家发展和改革委员会,中华人民共和国国家发展和改革委员会,National Development and Reform Commission
中华人民共和国工业和信息化部 海洋信息获取与安全工信部重点实验室(哈尔滨工程大学,"中华人民共和国工业和信息化部,哈尔滨工程大学海洋信息获取与安全工信部重点实验室","Ministry of Industry and Information Technology of the People's Republic of China, Key Laboratory of Marine Information Acquisition and Security, Harbin Engineering University"
中华人民共和国濒危物种科学委员会,中华人民共和国濒危物种科学委员会,Endangered Species Scientific Committee of the People's Republic of China
中华人民共和国环境保护部,中华人民共和国环境保护部,Ministry of Environmental Protection of the People's Republic of China
中华人民共和国科学技术部,中华人民共和国科学技术部,Ministry of Science and Technology of the People´s Republic of China
中华人民共和国科学技术部国家遥感中心,中华人民共和国科学技术部国家遥感中心,National Remote Sensing Center of the Ministry of Science and Technology of the People's Republic of China
中华人民共和国自然资源部,中华人民共和国自然资源部,"Ministry of Natural Resources, People’s Republic of China"
中华人民共和国自然资源部信息中心,中华人民共和国自然资源部,"Ministry of Natural Resources, People’s Republic of China"
中南大学,中南大学,Central South University
中原纳米酶实验室,中原纳米酶实验室,Zhongyuan Nanozyme Laboratory
中国-东盟区域发展协同创新中心,中国-东盟区域发展协同创新中心,China-ASEAN Regional Development Collaborative Innovation Center
中国-巴基斯坦地球科学研究中心,中国-巴基斯坦地球科学研究中心,China-Pakistan Earth Science Research Center
"中国-斯里兰卡热带海洋环境""一带一路""联合实验室","中国-斯里兰卡热带海洋环境""一带一路""联合实验室","China-Sri Lanka Tropical Marine Environment ""Belt and Road"" Joint Laboratory"
中国中医研究院,中国中医研究院,China Academy of Chinese Medical Sciences
中国中医科学院,中国中医科学院,China Academy of Chinese Medical Sciences
中国互联网新闻中心,中国互联网新闻中心,China Internet News Center
中国人与生物圈国家委员会处,中国人与生物圈国家委员会处,Chinese National Committee on Man and the Biosphere
中国人民大学,中国人民大学,Renmin University of China
中国人民解放军,中国人民解放军,Peoples Liberation Army
中国人民解放军总参谋部所,中国人民解放军总参谋部所,The General Staff of the Chinese People's Liberation Army
中国人民银行研究局,中国人民银行研究局,Research Bureau of the People's Bank of China
中国优选法统筹法与经济数学研究会,中国优选法统筹法与经济数学研究会,"Chinese Society of Optimization, Overall Planning and Economic Mathematics"
中国公司治理研究院,中国公司治理研究院,China Corporate Governance Research Institute
中国共产党中央委员会,中国共产党中央委员会,Central Committee of the Communist Party of China
中国共产党大同市委员会,中国共产党大同市委员会,Datong Municipal Committee of the Communist Party of China
中国农业博物馆,中国农业博物馆,China Agricultural Exhibition Center
中国农业发展战略研究院,中国农业发展战略研究院,China Agricultural Development Strategy Research Institute
中国农业大学,中国农业大学,China Agricultural University
中国农业机械工业协会风能设备分会,中国农业机械工业协会风能设备分会,Wind Energy Equipment Branch of China Agricultural Machinery Industry Association
中国农业科学院,中国农业科学院,Chinese Academy of Agricultural Sciences
中国动物疫病预防控制中心,中国动物疫病预防控制中心,China Animal Disease Prevention and Control Center
中国化学会,中国化学会,Chinese Chemical Society
中国医学科学院,中国医学科学院,Chinese Academy of Medical Sciences
中国原子能科学研究院,中国原子能科学研究院,China institute of atomic energy
中国发展战略学研究会,中国发展战略学研究会,China Development Strategy Research Association
中国发展战略学研究会创新战略专业委员会,中国发展战略学研究会创新战略专业委员会,Innovation Strategy Committee of China Development Strategy Research Association
中国国土勘测规划院,中国国土勘测规划院,China Land Surveying and Planing Institute
中国国家博物馆,中国国家博物馆,National Museum of China
中国国家卫星气象中心,中国国家卫星气象中心,China National Satellite Meteorological Center
中国国际经济交流中心,中国国际经济交流中心,China Center for International Economic Exchanges
中国地理学会,中国地理学会,The Geographical Society of China
中国地质博物馆,中国地质博物馆,The Geological Museum of China
中国地质大学,中国地质大学,China University of Geosciences
中国地质科学院,中国地质科学院,Chinese Academy of Geological Sciences
中国地质调查局广州海洋地质调查局,中国地质调查局广州海洋地质调查局,"Guangzhou Marine Geological Survey, China Geological Survey"
中国地质调查局青岛海洋地质研究所,中国地质调查局青岛海洋地质研究所,"Qingdao Institute of marine geology, China Geological Survey"
中国地震局地球物理研究所,中国地震局地球物理研究所,Institute of Geophysics，China Earthquake Administration
中国地震局地震预测研究所,中国地震局地震预测研究所,"Institute of Earthquake Forecasting,CEA"
中国城市科学研究会,中国城市科学研究会,Chinese Society For Urban Studies
中国大恒公司,中国大恒公司,China Daheng Company
中国学术期刊(光盘版)电子杂志社有限公司,中国学术期刊(光盘版)电子杂志社有限公司,"China Academic Journal (CD-ROM Edition) Electronics Magazine Co., Ltd."
中国宏观经济研究院,中国宏观经济研究院,Academy of Macroeconomic Research
中国家用电器研究院,中国家用电器研究院,China Household Electric Appliance Research Institute
中国工业互联网研究院,中国工业互联网研究院,China Academy of Industrial Internet
中国工商银行,中国工商银行,ICBC
中国工商银行后科研工作站,中国工商银行后科研工作站,Industrial and Commercial Bank of China Post-scientific Research Workstation
中国工程物理研究院,中国工程物理研究院,China Academy of Engineering Physics
中国工程科技创新战略研究院,中国工程科技创新战略研究院,China Engineering Science and Technology Innovation Strategy Institute
中国工程院,中国工程院,Chinese Academy of Engineering
中国心理学会理事长,中国心理学会,Chinese Psychological Society
中国教育科学研究院,中国教育科学研究院,China National Institute of Education Sciences
中国文物学会,中国文物学会,China Cultural Relics Academy
中国月球探测计划首席科学家,中国月球探测计划,China's lunar exploration program
中国服装协会,中国服装协会,China National Garment Association，CNGA
中国林业科学研究院,中国林业科学研究院,Chinese Academy of Forestry
中国标准化研究院,中国标准化研究院,China National Institute of Standardization
中国核动力研究设计院,中国核动力研究设计院,NPIC
中国核工业集团公司北京地质研究院,中国核工业集团公司北京地质研究院,China National Nuclear Corporation Beijing Institute of Geology
中国检验检疫科学研究院,中国检验检疫科学研究院,Chinese Academy of Inspection and Quarantine
中国民主建国会北京市委员会,中国民主建国会北京市委员会,China Democratic National Construction Association Beijing Municipal Committee
中国民航局民航低空地理信息与航路重点实验室,中国民航局民航低空地理信息与航路重点实验室,Civil Aviation Low-altitude Geographic Information and Route Key Laboratory of Civil Aviation Administration of China
中国气象局,中国气象局,China meteorological administration
中国气象局乌鲁木齐沙漠气象研究所,中国气象局乌鲁木齐沙漠气象研究所,"Institute of Desert Meteorology,China Meteorological Administration,Urumqi"
中国气象局国家气候中心,中国气象局国家气候中心,National Climate Center of China Meteorological Administration
中国气象局气象干部培训学院,中国气象局气象干部培训学院,CMA Training Center
中国气象科学研究院,中国气象科学研究院,Chinese Academy of Meteorological Sciences
中国水产科学研究院,中国水产科学研究院,ChineseAcademyof Fishery Sciences
中国水利水电科学研究院,中国水利水电科学研究院,China Institute of Water Resources and Hydropower Research
中国水稻研究所,中国水稻研究所,CHINA NATIONAL RICE RESEARCH INSTITUTE
中国海洋发展研究中心,中国海洋发展研究中心,China Marine Development Research Center
中国海洋大学,中国海洋大学,Ocean University of China
中国热带农业科学院,中国热带农业科学院,Chinese Academy of Tropical Agricultural Sciences
中国煤炭科工集团有限公司,中国煤炭科工集团有限公司,China Coal Technology Engineering Group（CCTEG）
中国环境科学研究院,中国环境科学研究院,Chinese Research Academy of Environmental Sciences
中国生态学会,中国生态学会,Ecological Society of China
中国生态系统研究网络临泽内流河流域研究站,中国生态系统研究网络临泽内流河流域研究站,Linze Inland River Basin Research Station of China Ecosystem Research Network
中国生物技术发展中心,中国生物技术发展中心,China Biotechnology Development Center
中国电子信息产业发展研究院,中国电子信息产业发展研究院,China Center for Information Industry Development，CCID
中国电子科学研究院,中国电子科学研究院,China Academic of Electronics and Information Technology
中国疾病预防控制中心,中国疾病预防控制中心,Chinese Center for Disease Control and Prevention
中国疾病预防控制中心病毒病预防控制研究所,中国疾病预防控制中心病毒病预防控制研究所,"Institute of Viral Disease Prevention and Control, Chinese Center for Disease Control and Prevention"
中国疾病预防控制中心营养与健康所,中国疾病预防控制中心营养与健康所,"Institute of Nutrition and Health, Chinese Center for Disease Control and Prevention"
中国石化石油勘探开发研究院,中国石化石油勘探开发研究院,Sinopec Petroleum Exploration and Production Research Institute
中国石油勘探开发研究院,中国石油勘探开发研究院,Research Institute of Petroleum Exploration and Development
中国石油化工股份有限公司,中国石油化工股份有限公司,China Petroleum and Chemical Corporation
中国石油化工股份有限公司石油勘探开发研究院,中国石油化工股份有限公司石油勘探开发研究院,Sinopec Petroleum Exploration and Production Research Institute
中国石油和化学工业联合会,中国石油和化学工业联合会,China Petroleum and Chemical Industry Federation （CPCIF）
中国石油国际勘探开发有限公司,中国石油国际勘探开发有限公司,"China Petroleum International Exploration and Development Co., Ltd."
中国石油大学,中国石油大学,China University of Petroleum (East China)
中国石油天然气总公司,中国石油天然气总公司,China National Petroleum Corporation（CNPC）
中国石油天然气集团有限公司,中国石油天然气集团有限公司,China National Petroleum Corporation（CNPC）
中国矿业大学,中国矿业大学,China University of Mining and Technology
中国社会科学院,中国社会科学院,Chinese Academy of Social Sciences
中国科协创新战略研究院,中国科协创新战略研究院,national academy of innovation strategy
中国科学学与科技政策研究会,中国科学学与科技政策研究会,The Chinese Association of Science of Science and S&T Policy Research
中国科学技术信息研究所,中国科学技术信息研究所,Institute of Scientific and Technical Information of China
中国科学技术出版社有限公司,中国科学技术出版社有限公司,"China Science and Technology Press Co., Ltd."
中国科学技术协会,中国科学技术协会,China Association for Science and Technology
中国科学技术协会信息中心,中国科学技术协会信息中心,China Association for Science and Technology Information Center
中国科学技术发展战略研究院,中国科学技术发展战略研究院,China Academy of science and technology development strategy
中国科学技术大学,中国科学技术大学,University of Science and Technology of China
中国科学春分院,中国科学春分院,Chinese Academy of Sciences
中国科学春应用化学研究所,中国科学春应用化学研究所,"Institute of Applied Chemistry, Chinese Academy of Sciences"
中国科学春物理研究所,中国科学春物理研究所,"Institute of Physics, Chinese Academy of Sciences"
中国科学杂志社,中国科学杂志社,Chinese Science Magazine
中国科学白山森林生态系统定位研究站,中国科学白山森林生态系统定位研究站,Baishan Forest Ecosystem Research Station of Chinese Science
中国科学院,中国科学院,Chinese Academy of Sciences
中国科学院 地理科学与资源研究所,"中国科学院,地理科学与资源研究所","Institute of Geographic Sciences and Natural Resources Research, Chinese Academy of Sciences"
中国科学院 科技战略咨询研究院,"中国科学院,科技战略咨询研究院","Chinese Academy of Sciences, Institute of Science and Technology Strategy Consulting"
中国科学院-巴基斯坦高等教育委员会 中国-巴基斯坦地球科学研究中心,"中国科学院-巴基斯坦高等教育委员会,中国-巴基斯坦地球科学研究中心","Chinese Academy of Sciences-Pakistan Higher Education Commission, China-Pakistan Earth Science Research Center"
中国科学院/水利部成都山地灾害与环境研究所,中国科学院-水利部成都山地灾害与环境研究所,"Chengdu Institute of Mountain Hazards and Environment, Chinese Academy of Sciences and Ministry of Water Resources"
中国科学院/水利部水土保持研究所,中国科学院-水利部水土保持研究所,"Institute of Soil and Water Conservation, Chinese Academy of Sciences and Ministry of Water Resources"
中国科学院上海光学精密机械研究所,中国科学院上海光学精密机械研究所,"Shanghai Institute of Optics and Fine Mechanics, Chinese Academy of Sciences"
中国科学院上海天文台,中国科学院上海天文台,Shanghai Astronomical Observatory，Chinese Academy of Sciences
中国科学院上海应用物理研究所,中国科学院上海应用物理研究所,"Shanghai Institute of Applied Physics, Chinese Academy of Sciences"
中国科学院上海微系统与信息技术研究所,中国科学院上海微系统与信息技术研究所,Shanghai Institute of Microsystem and Information Technology ，简称SIMIT
中国科学院上海技术物理研究所,中国科学院上海技术物理研究所,Shanghai Institute of Technical Physics of the Chinese Academy of Sciences
中国科学院上海有机化学研究所,中国科学院上海有机化学研究所,"英文：Shanghai institute of Organic Chemistry,Chinese Academy of Sciences"
中国科学院上海生命科学信息中心,中国科学院上海生命科学信息中心,"Shanghai Life Science Information Center, Chinese Academy of Sciences"
中国科学院上海生命科学研究院,中国科学院上海生命科学研究院,Shanghai Institutes for Biological Sciences，缩写为SIBS
中国科学院上海硅酸盐研究所,中国科学院上海硅酸盐研究所,Shanghai Institute of Ceramics，Chinese Academy of Sciences
中国科学院上海药物研究所,中国科学院上海药物研究所,Chinese Academy of Sciences Shanghai Institute of Materia Medica
中国科学院上海营养与健康研究所,中国科学院上海营养与健康研究所,"Shanghai Institute of Nutrition and Health,CAS"
中国科学院上海高等研究院,中国科学院上海高等研究院,"Shanghai Advanced Research Institute, Chinese Academy of Sciences"
中国科学院东北地理与农业生态研究所,中国科学院东北地理与农业生态研究所,"Northeast Institute of geography and Agroecology, Chinese Academy of Sciences"
中国科学院东南亚生物多样性研究中心,中国科学院东南亚生物多样性研究中心,"Southeast Asia Biodiversity Research Center, Chinese Academy of Sciences"
中国科学院中亚生态与环境研究中心,中国科学院中亚生态与环境研究中心,"Center for Central Asian Ecology and Environment Research, Chinese Academy of Sciences"
中国科学院中国-斯里兰卡联合科教中心,中国科学院中国-斯里兰卡联合科教中心,"China-Sri Lanka Joint Science and Education Center, Chinese Academy of Sciences"
中国科学院中国现代化研究中心,中国科学院中国现代化研究中心,"CHINA CENTER FOR MODERNIZATION RESEARCH, CAS"
中国科学院亚热带农业生态研究所,中国科学院亚热带农业生态研究所,"Institute of Subtropical Agriculture,Chinese Academy of Sciences"
"中国科学院亚热带农业生态过程重点实验室, 湖南省畜禽健康养殖工程技术中心","中国科学院亚热带农业生态过程重点实验室,湖南省畜禽健康养殖工程技术中心","Key Laboratory of Subtropical Agricultural Ecological Processes, Chinese Academy of Sciences, Hunan Livestock and Poultry Health Breeding Engineering Technology Center"
中国科学院交叉科学中心,中国科学院交叉科学中心,"Center for Interdisciplinary Sciences, Chinese Academy of Sciences"
中国科学院信息工程研究所,中国科学院信息工程研究所,Institute of Information Engineering，Chinese Academy of Sciences
中国科学院兰州冰川冻土研究所,中国科学院兰州冰川冻土研究所,Cold and Arid Regions Environmental and Engineering Research Institute，Chinese Academy of Sciences
中国科学院兰州化学物理研究所,中国科学院兰州化学物理研究所,"Lanzhou Institute of Chemical Physics,Chinese Academy of Sciences"
中国科学院兰州文献情报中心,中国科学院兰州文献情报中心,"The Lanzhou Branch of the National Science Library,CAS"
中国科学院分子植物科学卓越创新中心,中国科学院分子植物科学卓越创新中心,CAS Center for Excellence in Molecular Plant Sciences
中国科学院分子细胞科学卓越创新中心,中国科学院分子细胞科学卓越创新中心,"Center for Excellence in Molecular Cell Science, Chinese Academy of Sciences"
中国科学院力学研究所,中国科学院力学研究所,"Institute of Mechanics, Chinese Academy of Sciences"
中国科学院动物研究所,中国科学院动物研究所,Institute of Zoology，Chinese Academy of Sciences
中国科学院化学化工科学数据中心,中国科学院化学化工科学数据中心,"Data Center of Chemistry and Chemical Engineering, Chinese Academy of Sciences"
中国科学院化学研究所,中国科学院化学研究所,Institute of Chemistry Chinese Academy of Sciences
中国科学院北京国家技术转移中心,中国科学院北京国家技术转移中心,"Beijing National Technology Transfer Center, Chinese Academy of Sciences"
中国科学院北京基因组研究所,中国科学院北京基因组研究所,"Beijing Institute of genome research, Chinese Academy of Sciences"
中国科学院北京天文台,中国科学院北京天文台,National Astronomical Observatories，Chinese Academy of Sciences
中国科学院北京生命科学研究院,中国科学院北京生命科学研究院,"Beijing Institutes of Life Science, Chinese Academy of Science"
中国科学院半导体研究所,中国科学院半导体研究所,"Institute of Semiconductors,Chinese Academy of Sciences"
中国科学院南京土壤研究所,中国科学院南京土壤研究所,Institute of Soil Science，Chinese Academy of Sciences
中国科学院南京地理与湖泊研究所,中国科学院南京地理与湖泊研究所,"Nanjing Institute of Geography and Limnology, Chinese Academy of Sciences"
中国科学院南海海洋研究所,中国科学院南海海洋研究所,"South China Sea Institute of Oceanology,Chinese Academy of Sciences"
中国科学院发育生物学研究所,中国科学院发育生物学研究所,"Institute of Developmental Biology, Chinese Academy of Sciences"
中国科学院古脊椎动物与古人类研究所,中国科学院古脊椎动物与古人类研究所,Institute of Vertebrate Paleontology and Paleoanthropology
中国科学院可持续发展研究中心,中国科学院可持续发展研究中心,"Center for Sustainable Development, Chinese Academy of Sciences"
中国科学院合肥物质科学研究院,中国科学院合肥物质科学研究院,"Hefei Institutes of Physical Science, Chinese Academy of Sciences"
中国科学院哲学研究所,中国科学院哲学研究所,"Institute of Philosophy, Chinese Academy of Sciences"
中国科学院固体物理研究所,中国科学院固体物理研究所,
中国科学院国家天文台,中国科学院国家天文台,The National Astronomical Observatories of the Chinese Academy of Sciences
中国科学院国家空间科学中心,中国科学院国家空间科学中心,"National Space Science Center,the Chinese Academy of Sciences"
中国科学院国防科工委系统工程研究所,中国科学院国防科工委系统工程研究所,"Institute of Systems Engineering, Commission of Science, Technology and Industry for National Defense, Chinese Academy of Sciences"
中国科学院国际量子结构中心,中国科学院国际量子结构中心,"International Center for Quantum Structures, Chinese Academy of Sciences"
中国科学院地球化学研究所,中国科学院地球化学研究所,"Institute of Geochemistry,Chinese Academy of Sciences"
中国科学院地球物理研究所,中国科学院地球物理研究所,INSTITUTE OF GEOLOGY AND GEOPHYSICS
中国科学院地球环境研究所,中国科学院地球环境研究所,"Institute of Earth Environment, Chinese Academy of Sciences"
中国科学院地球科学研究院,中国科学院地球科学研究院,"Institute of Earth Sciences, Chinese Academy of Sciences"
中国科学院地理与资源研究所,中国科学院地理与资源研究所,"Institute of Geography and Natural Resources Research, Chinese Academy of Sciences"
中国科学院地理信息产业发展中心,中国科学院地理信息产业发展中心,Geographic Information Industry Development Center of Chinese Academy of Sciences
中国科学院地理研究所,中国科学院地理研究所,INSTITUTE OF GEOGRAPHIC SCIENCES AND NATURAL RESOURCES RESEARCH，CAS
中国科学院地理科学与资源研究所,中国科学院地理科学与资源研究所,INSTITUTE OF GEOGRAPHIC SCIENCES AND NATURAL RESOURCES RESEARCH，CAS
中国科学院地质与地球物理研究所,中国科学院地质与地球物理研究所,INSTITUTE OF GEOLOGY AND GEOPHYSICS
中国科学院地质研究所,中国科学院地质研究所,INSTITUTE OF GEOLOGY AND GEOPHYSICS
中国科学院城市环境研究所,中国科学院城市环境研究所,"The Institute of Urban Environment,Chinese Academy of Sciences"
中国科学院基因组信息学中心,中国科学院基因组信息学中心,"Center for Genome Informatics, Chinese Academy of Sciences"
中国科学院声学研究所,中国科学院声学研究所,The Institute of Acoustics of the Chinese Academy of Sciences
中国科学院大学,中国科学院大学,University of Chinese Academy of Sciences
中国科学院大气物理研究所,中国科学院大气物理研究所,Institute of Atmospheric Physics，Chinese Academy of Sciences
中国科学院大科学装置办公室 .中国科学院高能物理研究所,"中国科学院大科学装置办公室,中国科学院高能物理研究所","Office of Large Scientific Facility, Chinese Academy of Sciences, Institute of High Energy Physics, Chinese Academy of Sciences"
中国科学院大连化学物理研究所,中国科学院大连化学物理研究所,"Dalian Institute of Chemical Physics, Chinese Academy of Sciences"
中国科学院天津工业生物技术研究所,中国科学院天津工业生物技术研究所,"Tianjin Institute of Industrial Biotechnology, Chinese Academy of Sciences"
中国科学院学部-北京大学气候变化研究中心,中国科学院学部-北京大学气候变化研究中心,Chinese Academy of Sciences-Peking University Climate Change Research Center
中国科学院学部-清华大学科学与社会协同发展研究中心,中国科学院学部-清华大学科学与社会协同发展研究中心,Academic Division of Chinese Academy of Sciences-Tsinghua University Center for Collaborative Development of Science and Society
中国科学院学部工作局北京中国科学院学部咨询情报研究中心,"中国科学院学部工作局,中国科学院学部咨询情报研究中心","Department of Academic Affairs, Chinese Academy of Sciences, Department of Consulting and Information Research Center, Chinese Academy of Sciences"
中国科学院学部道德与科技伦理研究中心,中国科学院学部道德与科技伦理研究中心,"Research Center for Moral and Technological Ethics, Chinese Academy of Sciences"
中国科学院寒区旱区环境与工程研究所,中国科学院寒区旱区环境与工程研究所,Cold and Arid Regions Environmental and Engineering Research Institute，Chinese Academy of Sciences
中国科学院对地观测与数字地球科学中心,中国科学院对地观测与数字地球科学中心,Institute of Remote Sensing and Digital Earth，Chinese Academy of Sciences
中国科学院山东综合技术转化中心,中国科学院山东综合技术转化中心,Shandong Comprehensive Technology Transformation Center of Chinese Academy of Sciences
中国科学院山地灾害与地表过程重点实验室 中国科学院水利部成都山地灾害与环境研究所,中国科学院-水利部成都山地灾害与环境研究所,"Chengdu Institute of Mountain Hazards and Environment, Chinese Academy of Sciences and Ministry of Water Resources"
中国科学院山地灾害与地表过程重点实验室/中国科学院水利部成都山地灾害与环境研究所,中国科学院-水利部成都山地灾害与环境研究所,"Chengdu Institute of Mountain Hazards and Environment, Chinese Academy of Sciences and Ministry of Water Resources"
中国科学院山西煤炭化学研究所,中国科学院山西煤炭化学研究所,Institute of Coal Chemistry Chinese Academy of Sciences
中国科学院工程热物理研究所,中国科学院工程热物理研究所,"Institute of Engineering Thermophysics,Chinese Academy of Sciences"
中国科学院广州地球化学研究所,中国科学院广州地球化学研究所,"Guangzhou Institute of Geochemistry, Chinese Academy of Sciences"
中国科学院广州生物医药与健康研究院,中国科学院广州生物医药与健康研究院,"Guangzhou Institutes of Biomedicine and Health,Chinese Academy of Sciences"
中国科学院广州生物医药研究院,中国科学院广州生物医药研究院,"Guangzhou Institute of Biomedicine, Chinese Academy of Sciences"
中国科学院广州能源研究所,中国科学院广州能源研究所,"Guangzhou Institute of Energy Conversion, Chinese Academy of Sciences"
中国科学院应用数学研究所,中国科学院应用数学研究所,"Institute of Applied Mathematics, Chinese Academy of Sciences"
中国科学院微小卫星创新研究院,中国科学院微小卫星创新研究院,Innovation Academy for Microsatellites of Chinese Academy of Science
中国科学院微生物研究所,中国科学院微生物研究所,"Institute of Microbiology, Chinese Academy of Sciences"
中国科学院微电子研究所,中国科学院微电子研究所,Institute of Microelectronics of the Chinese Academy of Sciences
中国科学院微系统研究与发展中心,中国科学院微系统研究与发展中心,Microsystem Research and Development Center of Chinese Academy of Sciences
中国科学院心理健康重点实验室  中国科学院心理研究所,中国科学院心理研究所,Institute of Psychology of the Chinese Academy of Sciences
中国科学院心理健康重点实验室中国科学院心理研究所,中国科学院心理研究所,Institute of Psychology of the Chinese Academy of Sciences
中国科学院心理研究所,中国科学院心理研究所,Institute of Psychology of the Chinese Academy of Sciences
中国科学院感光化学研究所,中国科学院感光化学研究所,"Institute of Photochemical Sciences, Chinese Academy of Sciences"
中国科学院成都山地灾害与环境研究所,中国科学院成都山地灾害与环境研究所,"Institute of Mountain Hazards and Environment, Chinese Academy of Sciences"
中国科学院成都文献情报中心,中国科学院成都文献情报中心,"National Science Library(Chengdu) , Chinese Academy of Sciences"
中国科学院成都生物研究所,中国科学院成都生物研究所,"Chengdu Institute of Biology,Chinese Academy of Sciences"
中国科学院教育部水土保持与生态环境研究中心,中国科学院教育部水土保持与生态环境研究中心,Soil and Water Conservation and Ecological Environment Research Center of the Chinese Academy of Sciences and Ministry of Education
中国科学院数学与系统科学研究院,中国科学院数学与系统科学研究院,"Institute of Mathematics and Systems Science, Chinese Academy of Sciences"
中国科学院数学研究所,中国科学院数学研究所,"Institute of Mathematics, Chinese Academy of Sciences"
中国科学院文献情报中心,中国科学院文献情报中心,"National Science Library, Chinese Academy of Sciences"
中国科学院新疆分院 新疆 .中国科学院新疆生态与地理研究所,中国科学院新疆生态与地理研究所,"Xinjiang Institute of Ecology and Geography , Chinese Academy of Sciences"
中国科学院新疆生态与地理研究所,中国科学院新疆生态与地理研究所,"Xinjiang Institute of Ecology and Geography , Chinese Academy of Sciences"
中国科学院无人机应用与管控研究中心,中国科学院无人机应用与管控研究中心,UAV Application and Control Research Center of Chinese Academy of Sciences
中国科学院昆明动物研究所,中国科学院昆明动物研究所,KUNMING INSTITUTE OF ZOOLOGY.CAS
中国科学院昆明植物研究所,中国科学院昆明植物研究所,"Kunming Institute of Botany, Chinese Academy of Sciences"
中国科学院条件保障与财务局北京中国科学院武汉文献情报中心,"中国科学院条件保障与财务局,中国科学院武汉文献情报中心","Bureau of Financial Affairs and Security, Chinese Academy of Sciences, Wuhan Documentation and Information Center, Chinese Academy of Sciences"
中国科学院林业土壤研究所,中国科学院林业土壤研究所,"Shenyang Institute of Applied Ecology, Chinese Academy of Sciences"
中国科学院核能安全技术研究所,中国科学院核能安全技术研究所,INEST·CAS
中国科学院植物生理生态研究所,中国科学院植物生理生态研究所,"Institute of Plant Physiology and Ecology, Chinese Academy of Sciences"
中国科学院植物研究所,中国科学院植物研究所,"Institute of Botany,the Chinese Academy of Sciences"
中国科学院武汉岩土力学研究所,中国科学院武汉岩土力学研究所,"Institute of Rock and Soil Mechanics, chinese Academy of sciences"
中国科学院武汉文献情报中心,中国科学院武汉文献情报中心,"National Science Library(WuHan) , Chinese Academy of Science"
中国科学院武汉物理与数学研究所,中国科学院武汉物理与数学研究所,Wuhan Institute of Physics and Mathematics (WIPM) of Chinese Academy of Sciences
中国科学院武汉病毒研究所,中国科学院武汉病毒研究所,Wuhan Institute of Virology，Chinese Academy of Sciences
中国科学院比较行星学卓越创新中心,中国科学院比较行星学卓越创新中心,"Center for Excellence in Comparative Planetology, Chinese Academy of Sciences"
中国科学院水利部/成都山地灾害与环境研究所,中国科学院-水利部成都山地灾害与环境研究所,"Chengdu Institute of Mountain Hazards and Environment, Chinese Academy of Sciences and Ministry of Water Resources"
中国科学院水利部成都山地灾害与环境研究所,中国科学院-水利部成都山地灾害与环境研究所,"Chengdu Institute of Mountain Hazards and Environment, Chinese Academy of Sciences and Ministry of Water Resources"
中国科学院水利部水土保持研究所,中国科学院-水利部水土保持研究所,"Institute of Soil and Water Conservation, Chinese Academy of Sciences and Ministry of Water Resources"
中国科学院水利部西北水土保持研究所,中国科学院-水利部西北水土保持研究所,"Northwest Soil and Water Conservation Institute, Chinese Academy of Sciences and Ministry of Water Resources"
中国科学院水生生物研究所,中国科学院水生生物研究所,"Institute of Hydrobiology, Chinese Academy of Sciences"
中国科学院水资源研究中心,中国科学院水资源研究中心,"Water Resources Research Center, Chinese Academy of Sciences"
中国科学院沈阳应用生态研究所,中国科学院沈阳应用生态研究所,"Shenyang Institute of Applied Ecology, Chinese Academy of Sciences"
中国科学院沈阳生态研究所,中国科学院沈阳生态研究所,"Shenyang Institute of Ecology, Chinese Academy of Sciences"
中国科学院沈阳自动化研究所,中国科学院沈阳自动化研究所,Shenyang Institute of Automation Chinese Academy of Sciences
中国科学院洁净能源创新研究院,中国科学院洁净能源创新研究院,Dalian National Laboratory for Clean Energy
中国科学院海洋大科学研究中心,中国科学院海洋大科学研究中心,"Marine Big Science Research Center, Chinese Academy of Sciences"
中国科学院海洋研究所,中国科学院海洋研究所,"The Institute of Oceanology, Chinese Academy of Sciences"
中国科学院海西创新研究院,中国科学院海西创新研究院,Haixi Innovation Institute of Chinese Academy of Sciences
中国科学院深圳先进技术研究院,中国科学院深圳先进技术研究院,Shenzhen Institute of Advanced Technology，Chinese Academy of Sciences
中国科学院深海科学与工程研究所,中国科学院深海科学与工程研究所,Institute of Deep-sea Science and Engineering，Chinese Academy of Sciences
中国科学院烟台海岸带研究所,中国科学院烟台海岸带研究所,Yantai Institute of Coastal Zone Research，Chinese Academy of Sciences
中国科学院物理研究所,中国科学院物理研究所,Institute of Physics CAS
中国科学院理化技术研究所,中国科学院理化技术研究所,Technical Institute of Physics and Chemistry CAS
中国科学院理论物理研究所,中国科学院理论物理研究所,"Institute of Theoretical Physics, Chinese Academy of Sciences"
中国科学院生态环境研究中心,中国科学院生态环境研究中心,"Research Center for Eco-Environmental Sciences,Chinese Academy of Sciences"
中国科学院生物互作卓越创新中心,中国科学院生物互作卓越创新中心,"Center for Excellence in Biointeractions, Chinese Academy of Sciences"
中国科学院生物大分子卓越中心,中国科学院生物大分子卓越中心,"Center of Excellence in Biomacromolecules, Chinese Academy of Sciences"
中国科学院生物大分子科教卓越创新中心,中国科学院生物大分子科教卓越创新中心,"Center for Excellence in Biomacromolecules Science and Education, Chinese Academy of Sciences"
中国科学院生物物理研究所,中国科学院生物物理研究所,Institute of Biophysics，Chinese Academy of Sciences
中国科学院电子学研究所,中国科学院电子学研究所,"Aerospace Information Research Institute,Chinese Academy of Sciences"
中国科学院电工研究所,中国科学院电工研究所,Institute of Electrical Engineering of the Chinese Academy of Sciences
"中国科学院研究生院,中国科学院中国现代化研究中心","中国科学院研究生院,中国科学院中国现代化研究中心","Graduate School of the Chinese Academy of Sciences, Center for Chinese Modernization Studies of the Chinese Academy of Sciences"
中国科学院研究生院水系统安全研究中心,中国科学院研究生院水系统安全研究中心,"Water System Safety Research Center, Graduate School of Chinese Academy of Sciences"
中国科学院福建物质结构研究所,中国科学院福建物质结构研究所,FUJIAN INSTITUTE OF RESEARCH ON THE STRUCTURE
中国科学院种子创新研究院,中国科学院种子创新研究院,Seed Innovation Institute of Chinese Academy of Sciences
中国科学院科学传播研究中心,中国科学院科学传播研究中心,Science Communication Research Center of Chinese Academy of Sciences
中国科学院科技伦理研究中心,中国科学院科技伦理研究中心,"Research Center for Science and Technology Ethics, Chinese Academy of Sciences"
中国科学院科技促进发展局 中国科学院山西煤炭化学研究所,"中国科学院科技促进发展局,中国科学院山西煤炭化学研究所","Bureau of Science and Technology Promotion and Development, Chinese Academy of Sciences, Shanxi Institute of Coal Chemistry, Chinese Academy of Sciences"
中国科学院科技创新发展中心,中国科学院科技创新发展中心,Science and Technology Innovation Development Center of Chinese Academy of Sciences
中国科学院科技战略咨询研究院,中国科学院科技战略咨询研究院,"Institutes of Science and Development, Chinese Academy of Sciences"
中国科学院科技政策与管理研究所,中国科学院科技政策与管理研究所,"Institute of Science and Technology Policy and Management, Chinese Academy of Sciences"
中国科学院科技政策与管理科学研究所,中国科学院科技政策与管理科学研究所,"Institutes of Science and Development, Chinese Academy of Sciences"
中国科学院空天信息创新研究院,中国科学院空天信息创新研究院,"Aerospace Information Research Institute,Chinese Academy of Sciences"
中国科学院空天信息研究院,中国科学院空天信息研究院,"Institute of Space Information Science and Technology, Chinese Academy of Sciences"
中国科学院空间应用工程与技术中心,中国科学院空间应用工程与技术中心,"Technology and Engineering Center for Space Utilization,Chinese Academy of Sciences"
中国科学院空间科学与应用研究中心,中国科学院空间科学与应用研究中心,"National Space Science Center,the Chinese Academy of Sciences"
中国科学院第四纪科学与全球环境变化卓越创新中心,中国科学院第四纪科学与全球环境变化卓越创新中心,"Center for Excellence in Quaternary Science and Global Environmental Change, Chinese Academy of Sciences"
中国科学院等离子体物理研究所,中国科学院等离子体物理研究所,ASIPP
中国科学院精准扶贫评估研究中心,中国科学院精准扶贫评估研究中心,Chinese Academy of Sciences Precision Poverty Alleviation Evaluation Research Center
中国科学院精密测量科学与技术创新研究院,中国科学院精密测量科学与技术创新研究院,"Innovation Academy for Precision Measurement Science and Technology, CAS"
中国科学院系统科学研究所,中国科学院系统科学研究所,"Institute of Systems Science, Chinese Academy of Sciences"
中国科学院红壤生态实验站 国家红壤改良工程技术研究中心,"中国科学院红壤生态实验站,国家红壤改良工程技术研究中心","Red Soil Ecological Experimental Station of the Chinese Academy of Sciences, National Red Soil Improvement Engineering Technology Research Center"
中国科学院脑科学与智能技术卓越创新中心,中国科学院脑科学与智能技术卓越创新中心,Center for Excellence in Brain Science and Intelligence Technology
中国科学院自动化研究所,中国科学院自动化研究所,Institute of Automation，Chinese Academy of Sciences
中国科学院自然与社会交叉科学研究中心,中国科学院自然与社会交叉科学研究中心,"Center for Interdisciplinary Studies of Natural and Social Sciences, Chinese Academy of Sciences"
中国科学院自然与社会科学交叉研究中心,中国科学院自然与社会科学交叉研究中心,"Center for Interdisciplinary Research of Natural and Social Sciences, Chinese Academy of Sciences"
中国科学院自然科学史研究所,中国科学院自然科学史研究所,"the insititute for history of natural sciences, Chinese Academy of Sciences"
中国科学院苏州纳米技术与纳米仿生研究所,中国科学院苏州纳米技术与纳米仿生研究所,"Suzhou Institute of Nano-Tech and Nano-Bionics,CAS"
中国科学院虚拟经济与数据科学研究中心,中国科学院虚拟经济与数据科学研究中心,"Research Center for Virtual Economy and Data Science, Chinese Academy of Sciences"
中国科学院西北生态环境资源研究院,中国科学院西北生态环境资源研究院,"Northwest Institute of Eco-Environment and Resources, Chinese Academy of Sciences"
中国科学院西北高原生物研究所,中国科学院西北高原生物研究所,Northwest Institute of Plateau Biology
中国科学院西双版纳热带植物园 综合保护中心,中国科学院西双版纳热带植物园,"XiShuangBanNa Tropical Botanical Garden,Chinese Academy of Sciences"
中国科学院计算中心,中国科学院计算中心,Computer Network Information Center
中国科学院计算技术研究所,中国科学院计算技术研究所,"Institute of Computing Technology, Chinese Academy of Sciences"
中国科学院计算机网络信息中心,中国科学院计算机网络信息中心,Computer Network Information Center
中国科学院计算科学应用研究中心,中国科学院计算科学应用研究中心,"Center for Applied Research of Computational Science, Chinese Academy of Sciences"
中国科学院评价中心,中国科学院评价中心,Evaluation Center of Chinese Academy of Sciences
中国科学院评价研究中心,中国科学院评价研究中心,Evaluation Research Center of Chinese Academy of Sciences
中国科学院评估研究中心,中国科学院评估研究中心,Evaluation Research Center
中国科学院赣江创新研究院,中国科学院赣江创新研究院,"Ganjiang Innovation Academy, Chinese Academy of Sciences"
中国科学院软件研究所,中国科学院软件研究所,Institute of Software Chinese Academy of Sciences
中国科学院过程工程研究所,中国科学院过程工程研究所,"Institute of process engineering, Chinese Academy of Sciences"
中国科学院近代物理研究所,中国科学院近代物理研究所,"Institute of modern physics, Chinese Academy of Sciences"
中国科学院遗传与发育生物学研究所,中国科学院遗传与发育生物学研究所,Institute of Genetics and Developmental Biology
中国科学院遗传与发育生物研究所,中国科学院遗传与发育生物研究所,"Institute of Genetics and Developmental Biology, Chinese Academy of Sciences"
中国科学院遗传研究所,中国科学院遗传研究所,Institute of Genetics and Developmental Biology
中国科学院遥感与数字地球研究所,中国科学院遥感与数字地球研究所,Institute of Remote Sensing and Digital Earth，Chinese Academy of Sciences
中国科学院遥感应用研究所,中国科学院遥感应用研究所,Institute of Remote Sensing and Digital Earth，Chinese Academy of Sciences
中国科学院重庆绿色智能技术研究院,中国科学院重庆绿色智能技术研究院,Chongqing Institute of Green and Intelligent Technology，Chinese Academy of Sciences
中国科学院量子信息与量子科技前沿卓越创新中心,中国科学院量子信息与量子科技前沿卓越创新中心,"Center for Excellence in Quantum Information and Quantum Technology, Chinese Academy of Sciences"
中国科学院金属研究所,中国科学院金属研究所,"Institute of Metal Research, Chinese Academy of Sciences"
中国科学院院刊,中国科学院院刊,Bulletin of Chinese Academy of Sciences
中国科学院青岛生物能源与过程研究所,中国科学院青岛生物能源与过程研究所,"Qingdao Institute of Bioenergy and Bioprocess Technology ,Chinese Academy of Sciences"
中国科学院青藏高原地球科学卓越中心,中国科学院青藏高原地球科学卓越中心,"Center for Excellence in Tibetan Plateau Earth Sciences, Chinese Academy of Sciences"
中国科学院青藏高原地球科学卓越创新中心,中国科学院青藏高原地球科学卓越创新中心,"Center for Excellence in Tibetan Plateau Earth Sciences, Chinese Academy of Sciences"
中国科学院青藏高原研究卓越中心,中国科学院青藏高原研究卓越中心,"Center of Excellence for Tibetan Plateau Studies, Chinese Academy of Sciences"
中国科学院青藏高原研究所,中国科学院青藏高原研究所,"Institute of Tibetan Plateau Research, Chinese Academy of Sciences"
中国科学院预测科学研究中心,中国科学院预测科学研究中心,中国科学院预测中心
中国科学院高能物理研究所,中国科学院高能物理研究所,The Institute of High Energy Physics of the Chinese Academy of Sciences
中国科技出版传媒股份有限公司,中国科技出版传媒股份有限公司,"China Science and Technology Publishing and Media Co., Ltd."
中国科技出版传媒集团有限公司,中国科技出版传媒集团有限公司,"China Science and Technology Publishing and Media Group Co., Ltd."
中国科技发展战略研究院,中国科技发展战略研究院,China Academy of science and technology development strategy
中国科技大学,中国科技大学,University of Science and Technology of China
中国科技评估与成果管理研究会,中国科技评估与成果管理研究会,China Science and Technology Evaluation and Achievement Management Research Association
中国科普研究所,中国科普研究所,China Research Institute for Science Popularization
中国空间技术研究院,中国空间技术研究院,China Academy of Space Technology，简称CAST
中国空间研究院,中国空间研究院,China Academy of Space Technology，简称CAST
中国纺织工业联合会,中国纺织工业联合会,China National Textile And Apparel Council
中国网·.中国发展门户网,"中国网,中国发展门户网","China.com, China Development Portal"
中国自然资源经济研究院,中国自然资源经济研究院,Chinese Academy of Natural Resources Economics
中国自然资源航空物探遥感中心,中国自然资源航空物探遥感中心,China Natural Resources Airborne Geophysical Exploration and Remote Sensing Center
中国航天科技集团有限公司,中国航天科技集团有限公司,China Aerospace Science and Technology Corporation（CASC）
中国船舶重工集团公司第七一四研究所,中国船舶重工集团公司第七一四研究所,The 714th Research Institute of China Shipbuilding Industry Corporation
中国西南野生生物种质资源库,中国西南野生生物种质资源库,Southwest China Germplasm Bank of wildlife
中国财政科学研究院,中国财政科学研究院,Chinese Academy of Fiscal Sciences
中国轻工业联合会,中国轻工业联合会,China National Light Industry Council
中国远洋海运集团有限公司,中国远洋海运集团有限公司,CHINA COSCO SHIPPING GROUP
中国铁道科学研究院,中国铁道科学研究院,CHINA ACADEMY OF RAILWAY SCIENCES
中国青年政治学院,中国青年政治学院,China Youth University of Political Studies
中央电视台,中央电视台,China Central Television（CCTV）
中央科学技术部,中央科学技术部,Central Ministry of Science and Technology
中央财经大学,中央财经大学,Central University of Finance and Economics
中山大学,中山大学,Sun Yat-sen University
中新天津生态城管委会,中新天津生态城管委会,Sino-Singapore Tianjin Eco-City Management Committee
中日科技与经济交流协会,中日科技与经济交流协会,"China-Japan Science, Technology and Economic Exchange Association"
中植构树,中植构树,Paper mulberry
中煤科工开采研究院,中煤科工开采研究院,China Coal Technology and Engineering Mining Research Institute
中玉金标记生物技术股份有限公司,中玉金标记生物技术股份有限公司,"Zhongyu Gold Labeling Biotechnology Co., Ltd."
中电科发展规划研究院,中电科发展规划研究院,China Electronics Technology Group Development Planning Institute
中科遥感集团公司,中科遥感集团公司,China Science and Technology Remote Sensing Group Corporation
中科院,中国科学院,Chinese Academy of Sciences
中科院上海生命科学研究院,中国科学院上海生命科学研究院,Shanghai Institutes for Biological Sciences，缩写为SIBS
中科院合肥物质科学研究院,中国科学院合肥物质科学研究院,"Hefei Institutes of Physical Science, Chinese Academy of Sciences"
中科院基本建设局,中国科学院基本建设局,"Bureau of Capital Construction, Chinese Academy of Sciences"
中科院学术委员会,中国科学院学术委员会,Academic Committee of the Chinese Academy of Sciences
中科院心理所,中国科学院心理所,Institute of Psychology of the Chinese Academy of Sciences
中科院政策所与中石油共建能源与环境政策研究中心,中国科学院政策所与中石油共建能源与环境政策研究中心,The Policy Research Institute of the Chinese Academy of Sciences and PetroChina jointly established the Energy and Environmental Policy Research Center
中科院科技政策与管理科学所,中国科学院科技政策与管理科学所,"Institute of Science and Technology Policy and Management Science, Chinese Academy of Sciences"
中科院科技政策局,中国科学院科技政策局,"Bureau of Science and Technology Policy, Chinese Academy of Sciences"
中科院管理科学与工程研究室,中国科学院管理科学与工程研究室,"Management Science and Engineering Laboratory, Chinese Academy of Sciences"
中科院计划财务局项目管理处,中国科学院计划财务局项目管理处,"Project Management Office, Planning and Finance Bureau, Chinese Academy of Sciences"
中科院近代物理所,中国科学院近代物理所,"Institute of Modern Physics, Chinese Academy of Sciences"
中科院遗传所,中国科学院遗传所,Institute of Genetics and Developmental Biology
中科院院地合作局,中国科学院院地合作局,Bureau of Cooperation between Chinese Academy of Sciences and Local Governments
中科院预测科学研究中心,中国科学院预测科学研究中心,中国科学院预测中心
中科院高技术企业局,中国科学院高技术企业局,High-tech Enterprise Bureau of Chinese Academy of Sciences
中科院高能物理所散裂中子源工程办公室,中国科学院高能物理所散裂中子源工程办公室,"Spallation Neutron Source Engineering Office, Institute of High Energy Physics, Chinese Academy of Sciences"
中科院高能物理所科技处,中国科学院高能物理所科技处,"Institute of High Energy Physics, Chinese Academy of Sciences"
中科院高能物理研究所,中国科学院高能物理研究所,The Institute of High Energy Physics of the Chinese Academy of Sciences
临沂大学,临沂大学,Linyi University（缩写：LYU）
丹麦南丹麦大学,丹麦南丹麦大学,Syddansk Universitet
乌鲁木齐,乌鲁木齐,Urumqi
云南大学,云南大学,Yunnan University
云南热带植物研究所,云南热带植物研究所,Yunnan Institute of Tropical Botany
亚洲减灾响应网络,亚洲减灾响应网络,Asian Disaster Response Network
京农业大学,京农业大学,Beijing Agricultural University
人与生物圈计划中国国家委员会处,人与生物圈计划中国国家委员会处,China National Committee for the Man and the Biosphere Programme
人力资源和社会保障部国外人才研究中心,人力资源和社会保障部国外人才研究中心,Foreign Talent Research Center of the Ministry of Human Resources and Social Security
人文学院,人文学院,school of Humanities
人文社会科学高等研究院,人文社会科学高等研究院,Institute for Advanced Study in Humanities and Social Sciences
低温技术实验中心,低温技术实验中心,Cryogenic Technology Experimental Center
佛山科学技术学院,佛山科学技术学院,Foshan University
信通集团公司,信通集团公司,Xintong Group
全国人大,全国人大,the National People's Congress （NPC）of the People's Republic of China
全国人大常委会,全国人大常委会,NPC Standing Committee
全国工商联环境商会,全国工商联环境商会,All-China Federation of Industry and Commerce Environmental Chamber of Commerce
全国畜牧总站,全国畜牧总站,National Animal Husbandry Services
公共卫生学院,公共卫生学院,School of Public Health
公共政策与管理学院,公共政策与管理学院,School of Public Policy and Management
公共政策研究院,公共政策研究院,The Institute for public policy
公共管理学院,公共管理学院,School of Public Administration
兰州“”项目中国北方沙漠化过程及其防治研究(G)办公室,兰州“”项目中国北方沙漠化过程及其防治研究(G)办公室,"Lanzhou """" Project China North Desertification Process and Its Prevention Research (G) Office"
兰州交通大学,兰州交通大学,Lanzhou Jiaotong University
兰州大学,兰州大学,Lanzhou University
兰州沙漠所,兰州沙漠所,Lanzhou Desert Research Institute
兰州沙漠研究所,兰州沙漠研究所,Lanzhou Desert Research Institute
兽医学院,兽医学院,School of Veterinary Medicine
内蒙古大学,内蒙古大学,Inner Mongolia University
内蒙古工业大学,内蒙古工业大学,Inner Mongolia University of Technology
内蒙古自治区林业科学研究院,内蒙古自治区林业科学研究院,Inner Mongolia Forestry Research Institute
内陆河流域生态水文重点实验室,内陆河流域生态水文重点实验室,Key Laboratory of Inland River Ecohydrology
军事科学院,军事科学院,Academy of Military Science
农业农村部养猪科学重点实验室,农业农村部养猪科学重点实验室,"Key Laboratory of Pig Science, Ministry of Agriculture and Rural Affairs"
农业农村部环境保护科研监测所,农业农村部环境保护科研监测所,"Agro-Environmental Protection Institute, Ministry of Agriculture and Rural Affairs"
农业农村部耕地质量监测保护中心,农业农村部耕地质量监测保护中心,Cultivated Land Quality Monitoring and Protection Center of the Ministry of Agriculture and Rural Affairs
农业虫害鼠害综合治理研究国家重点实验室,农业虫害鼠害综合治理研究国家重点实验室,State Key Laboratory of Integrated Agricultural Pest and Rodent Management
农业资源研究中心,农业资源研究中心,Agricultural Resources Research Center
农业部,农业部,The ministry of agriculture of the People's Republic of China
农业部农业物联网区域试验工程天津试验区领导小组办公室,农业部农业物联网区域试验工程天津试验区领导小组办公室,Office of the Leading Group of Tianjin Pilot Area of ​​the Agricultural Internet of Things Regional Pilot Project of the Ministry of Agriculture
农业部都市农业重点实验室,农业部都市农业重点实验室,"Key Laboratory of Urban Agriculture, Ministry of Agriculture"
农工民主党中央,农工民主党中央,Peasants and Workers Democratic Party Central Committee
前海国际事务研究院,前海国际事务研究院,Qianhai Institute of International Affairs
力学研究所,力学研究所,Institute of Mechanics
加州大学,加州大学,University of California
加拿大戴尔豪斯大学,加拿大戴尔豪斯大学,Dalhousie University
动物医学院,动物医学院,School of Veterinary Medicine
动物研究所,中国科学院动物研究所,Institute of Zoology，Chinese Academy of Sciences
匈牙利国家广播电台,匈牙利国家广播电台,hungarian national radio
匈牙利科学院,匈牙利科学院,Hungarian Academy of Sciences
化学研究所,中国科学院化学研究所,Institute of Chemistry Chinese Academy of Sciences
化学部,中国科学院化学部,"Department of Chemistry, Chinese Academy of Sciences"
化工冶金研究所,中国科学院化工冶金研究所,"Institute of Chemical Metallurgy, Chinese Academy of Sciences"
北京OO太平洋科学学会,太平洋科学学会,Pacific Academy of Sciences
北京中国工程院,中国工程院,Chinese Academy of Engineering
北京中国科学院,中国科学院,Chinese Academy of Sciences
北京云农场科技股份有限公司,北京云农场科技股份有限公司,"Beijing Yunnong Technology Co., Ltd."
北京交通大学,北京交通大学,Beijing Jiaotong University
北京信息科技大学,北京信息科技大学,Beijing Information Science & Technology University
北京全国人大常委会,北京全国人大常委会,"Standing Committee of the National People's Congress, Beijing"
北京全国人大常委会中国科学院,北京全国人大常委会中国科学院,National People's Congress Standing Committee Chinese Academy of Sciences Beijing
北京农业大学,北京农业大学,China Agricultural University
北京凝聚态物理国家研究中心,北京凝聚态物理国家研究中心,Beijing National Center for Condensed Matter Physics
北京动物研究所,北京动物研究所,Beijing Institute of Zoology
北京合众恒星检测科技有限公司,北京合众恒星检测科技有限公司,"Beijing Hezhong Hengxing Testing Technology Co., Ltd."
北京国科伏羲科技有限公司,北京国科伏羲科技有限公司,"Beijing Guoke Fuxi Technology Co., Ltd."
北京外国语大学,北京外国语大学,Beijing Foreign Studies University
北京大学,北京大学,Peking University
北京大数据先进技术研究院,北京大数据先进技术研究院,Beijing Institute of Advanced Big Data Technology
北京大气物理研究所,北京大气物理研究所,Beijing Institute of Atmospheric Physics
北京天玛智控科技股份有限公司,北京天玛智控科技股份有限公司,"Beijing Tianma Intelligent Control Technology Co., Ltd."
北京学术活动处,北京学术活动处,Beijing Academic Activities Office
北京工业大学,北京工业大学,Beijing University of Technology
北京工商大学,北京工商大学,Beijing Technology and Business University
北京工程热物理研究所,北京工程热物理研究所,Beijing Institute of Engineering Thermophysics
北京市人民检察院,北京市人民检察院,Beijing Municipal People's Procuratorate
北京市公共设施应急指挥部,北京市公共设施应急指挥部,Beijing Public Facilities Emergency Command Center
北京市市政管理委员会,北京市市政管理委员会,Beijing Municipal Administration Committee
北京市海洋声学装备工程技术研究中心,北京市海洋声学装备工程技术研究中心,Beijing Marine Acoustic Equipment Engineering Technology Research Center
北京市社会科学院,北京市社会科学院,Beijing Academy of Social Sciences
北京市科学技术协会,北京市科学技术协会,BEIJING ASSOCIATION FOR SCIENCE AND TECHNOLOGY
北京市统计局,北京市统计局,Beijing Municipal Bureau of Statistics
北京市规划和自然资源委员会,北京市规划和自然资源委员会,Beijing Municipal Commission of Planning and Natural Resources
北京市软件与信息服务业促进中心,北京市软件与信息服务业促进中心,Beijing Software and Information Service Industry Promotion Center
北京市长城企业战略研究所,北京市长城企业战略研究所,GEI
北京市门头沟区政府,北京市门头沟区政府,Mentougou District Government of Beijing
北京师范大学,北京师范大学,Beijing Normal University
北京干细胞与再生医学研究院,北京干细胞与再生医学研究院,Beijing Institute of Stem Cell and Regenerative Medicine
北京应用物理与计算数学研究所,北京应用物理与计算数学研究所,"Institute of Applied Physics and Computational Mathematics, Beijing"
北京时代凌宇科技有限公司,北京时代凌宇科技有限公司,"Beijing Times Lingyu Technology Co., Ltd."
北京易创新科信息技术有限公司,北京易创新科信息技术有限公司,"Beijing Yixinke Information Technology Co., Ltd."
北京林业大学,北京林业大学,Beijing Forestry University
北京海洋声学装备工程技术研究中心,北京海洋声学装备工程技术研究中心,Beijing Marine Acoustic Equipment Engineering Technology Research Center
北京燕山石油化工公司,北京燕山石油化工公司,Beijing Yanshan Petrochemical Company
北京理工大学,北京理工大学,Beijing　Institute　of　Technology
北京石油勘探开发科学研究院,北京石油勘探开发科学研究院,Beijing Petroleum Exploration and Development Research Institute
北京石油化工学院,北京石油化工学院,Beijing Institute of Petrochemical Technology
北京神州数码税务软件公司,北京神州数码税务软件公司,Beijing Digital China Tax Software Company
北京科学智能研究院,北京科学智能研究院,Beijing Institute of Scientific and Intelligent Technology
北京科技创新促进中心,北京科技创新促进中心,Beijing Science and Technology Innovation Promotion Center
北京空间环境国家野外科学观测研究站,北京空间环境国家野外科学观测研究站,Beijing National Observatory for Space Environment
北京空间科技信息研究所,北京空间科技信息研究所,Beijing Space Science and Technology Information Institute
北京管理服务中心高级,北京管理服务中心高级,"Senior Manager, Beijing Management Service Center"
北京综合办公室,北京综合办公室,Beijing General Office
北京航天航空大学,北京航天航空大学,Beijing University of Aeronautics and Astronautics
北京航空学院,北京航空学院,Beihang University
北京航空航天大学,北京航空航天大学,Beihang University
北京计算科学研究中心,北京计算科学研究中心,Beijing Computational Science Research Center (CSRC)
北京软技术研究院,北京软技术研究院,Beijing Institute of Soft Technology
北京邮电大学,北京邮电大学,Beijing University of Posts and Telecommunications
北京邮电学院,北京邮电学院,Beijing University of Posts and Telecommunications
北京高能物理研究所,北京高能物理研究所,Beijing Institute of High Energy Physics
北部湾大学,北部湾大学,Beibu Gulf University
区域与城市生态安全重点实验室,区域与城市生态安全重点实验室,Key Laboratory of Regional and Urban Ecological Security
医学人文学院,医学人文学院,School of Medical Humanities
半导体研究所,中国科学院半导体研究所,"Institute of Semiconductors,Chinese Academy of Sciences"
半导体超晶格国家重点实验室,半导体超晶格国家重点实验室,State key laboratory of SUPERLATTICES FOR SEMICONDUCTORS (Chinese Academy of Sciences)
华东师范大学,华东师范大学,East China Normal University
华东理工大学,华东理工大学,East China University of Science and Technology
华中农业大学,华中农业大学,Huazhong Agricultural University
华中师范大学,华中师范大学,Central China Normal University
华中理工大学,华中理工大学,Huazhong University of Science and Technology
华中科学技术大学,华中科学技术大学,Huazhong University of Science and Technology
华中科技大学,华中科技大学,Huazhong University of Science and Technology
华为技术有限公司,华为技术有限公司,"Huawei Technologies Co., Ltd"
华北水利水电大学,华北水利水电大学,North China University of Water Resources and Electric Power
华北电力大学,华北电力大学,North China Electric Power University
华北香河气候与环境综合野外科学观测研究站,华北香河气候与环境综合野外科学观测研究站,Xianghe Climate and Environment Comprehensive Field Scientific Observation and Research Station in North China
华南师范大学,华南师范大学,South China Normal University
华南植物研究所,华南植物研究所,South China Botanical Institute
华大基因,华大基因,BGI
单细胞中心,单细胞中心,Single Cell Center
南京信息工程大学,南京信息工程大学,Nanjing University of Information Science and Technology
南京农业大学,南京农业大学,NANJING AGRICULTURAL UNIVERSITY
南京土壤研究所,南京土壤研究所,Institute of Soil Science，Chinese Academy of Sciences
南京地理与湖泊研究所,南京地理与湖泊研究所,"Nanjing Institute of Geography and Limnology, Chinese Academy of Sciences"
南京地质古生物研究所,南京地质古生物研究所,"Nanjing Institute of Geology and Palaeontology,Chinese Academy of Sciences"
计算机软件新技术全国重点实验室(南京大学,南京大学,Nanjing University
南京大学,南京大学,Nanjing University
南京天文仪器研制中心,南京天文仪器研制中心,Nanjing Astronomical Instrument Research and Development Center
南京师范大学,南京师范大学,Nanjing Normal University
南京政治学院,南京政治学院,Nanjing Institute of Political Science
南京水利科学研究院,南京水利科学研究院,Nanjing Hydraulic Research Institute
南京理工大学,南京理工大学,Nanjing University of Science and Technology
南京航空航天大学,南京航空航天大学,Nanjing University of Aeronautics and Astronautics
南京邮电大学,南京邮电大学,Nanjing University of Posts and Telecommunications
南开大学,南开大学,Nankai University
南方海洋科学与工程广东省实验室,南方海洋科学与工程广东省实验室,Guangdong Provincial Laboratory of Southern Marine Science and Engineering
南方海洋科学与工程广东省实验室深圳分部,南方海洋科学与工程广东省实验室深圳分部,Shenzhen Branch of Guangdong Provincial Laboratory of Southern Marine Science and Engineering
南方科技大学,南方科技大学,Southern University of Science and Technology
南昌大学,南昌大学,NANCHANG UNIVERSITY
南非环境监测网络,南非环境监测网络,South African Environmental Monitoring Network
印尼灾害管理中心,印尼灾害管理中心,Indonesia Disaster Management Center
印度公关管理研究所,印度公关管理研究所,Indian Institute of Public Relations Management
厦门大学,厦门大学,Xiamen University
古脊椎动物与古人类研究所,古脊椎动物与古人类研究所,Institute of Vertebrate Paleontology and Paleoanthropology
可持续发展与管理研究所,可持续发展与管理研究所,Institute of Sustainable Development and Management
可持续发展大数据国际研究中心,可持续发展大数据国际研究中心,International Research Center for Big Data on Sustainable Development
台湾清华大学,台湾清华大学,National Tsing Hua University
合肥工业大学,合肥工业大学,Hefei University of Technology
合肥物质科学研究院,合肥物质科学研究院,"Hefei Institutes of Physical Science, Chinese Academy of Sciences"
同济大学,同济大学,Tongji University
呼伦贝尔农垦集团,呼伦贝尔农垦集团,Hulunbuir Agricultural Reclamation Group
呼伦贝尔市经济和信息化委员会,呼伦贝尔市经济和信息化委员会,Hulunbuir Economic and Information Commission
哈尔滨体育学院,哈尔滨体育学院,Harbin Sport University
哈尔滨工业大学,哈尔滨工业大学,Harbin Institute of Technology（HIT）
哈尔滨工程大学,哈尔滨工程大学,Harbin Engineering University
商务部国际贸易经济合作研究院,商务部国际贸易经济合作研究院,"Chinese Academy of International Trade and Economic Cooperation,MOFCOM"
嘉实基金管理有限公司,嘉实基金管理有限公司,"Harvest Fund Management Co., Ltd."
嘉应学院,嘉应学院,Jiaying University
四军医大学,四军医大学,Fourth Military Medical University
四川农业大学,四川农业大学,Sichuan Agricultural University
四川大学,四川大学,Sichuan University
国务院,国务院,State Council
国务院发展研究中心,国务院发展研究中心,State Council Development Research Center
国土资源部,国土资源部,Ministry of Land and Resources of the People's Republic of China
国土资源部信息中心,国土资源部信息中心,Information Center of Ministry of Land and Resources of People’s Republic of China
国土资源部土地整治重点实验室,国土资源部土地整治重点实验室,"Key Laboratory of Land Consolidation, Ministry of Land and Resources"
国土资源部资源环境承载力评价重点实验室,国土资源部资源环境承载力评价重点实验室,"Key Laboratory of Resource and Environmental Carrying Capacity Assessment, Ministry of Land and Resources"
国家八六三微波遥感技术实验室,国家八六三微波遥感技术实验室,National 863 Microwave Remote Sensing Technology Laboratory
国家减灾中心,国家减灾中心,National Disaster Reduction Center of China
国家卫星气象中心,国家卫星气象中心,National Satellite Meteorological Centre
国家卫星海洋应用中心,国家卫星海洋应用中心,National Satellite Ocean Application Center
国家发展和改革委员会产业经济与技术经济研究所,国家发展和改革委员会产业经济与技术经济研究所,"Institute of Industrial Economics and Technological Economics, National Development and Reform Commission"
国家发展和改革委员会创新驱动发展中心,国家发展和改革委员会创新驱动发展中心,Innovation-Driven Development Center of the National Development and Reform Commission
国家发展和改革委员会宏观经济研究院,国家发展和改革委员会宏观经济研究院,Academy of Macroeconomic Research
国家发展和改革委员会能源研究所,国家发展和改革委员会能源研究所,Energy Research Institute of National Development and Reform Commission
国家同步辐射实验室,国家同步辐射实验室,National Synchrotron Radiation Laboratory
国家地球系统科学数据中心,国家地球系统科学数据中心,National Earth System Science Data Center
国家地震局地球物理研究所,国家地震局地球物理研究所,"Institute of Geophysics, National Seismological Bureau"
国家市场监督管理总局,国家市场监督管理总局,State Administration for Market Regulation
国家并行计算机工程技术研究中心,国家并行计算机工程技术研究中心,National Parallel Computer Engineering Technology Research Center
国家旅游局,国家旅游局,China National Tourism Administration
国家旅游局信息中心,国家旅游局信息中心,National Tourism Administration Information Center
国家杂交水稻工程技术研究中心,国家杂交水稻工程技术研究中心,National Hybrid Rice Engineering Technology Research Center
国家林业和草原局林草调查规划院,国家林业和草原局林草调查规划院,National Forestry and Grassland Administration Forestry and Grassland Survey and Planning Institute
国家林业局调查规划设计院,国家林业局调查规划设计院,"State Forestry Administration Survey, Planning and Design Institute"
国家植物园,国家植物园,China National Botanical Garden
国家民族事务委员会办公厅,国家民族事务委员会办公厅,General Office of the State Ethnic Affairs Commission
国家气象局高级,国家气象局高级,National Weather Service Senior
国家油气战略研究中心,国家油气战略研究中心,National Oil and Gas Strategic Research Center
国家测绘地理信息局卫星测绘应用中心,国家测绘地理信息局卫星测绘应用中心,"Satellite Mapping Application Center of National Administration of Surveying, Mapping and Geoinformation"
国家海洋局北海预报中心,国家海洋局北海预报中心,North Sea Forecast Center of State Oceanic Administration
国家海洋局第一海洋研究所,国家海洋局第一海洋研究所,"First Institute of Oceanography,MNR"
国家海洋局第三海洋研究所,国家海洋局第三海洋研究所,"Third Institute Of Oceanography,MNR"
国家海洋局第二海洋研究所,国家海洋局第二海洋研究所,"Second Institute OfOceanography,MNR"
国家海洋环境监测中心,国家海洋环境监测中心,National Marine Environmental Monitoring Center
国家生物信息中心,国家生物信息中心,National Center for Bioinformatics
国家知识产权局,国家知识产权局,China National Intellectual Property Administration
国家知识产权局保护协调司,国家知识产权局保护协调司,Protection and Coordination Department of the State Intellectual Property Office
国家科委基础研究高技术司,国家科委基础研究高技术司,Basic Research and High Technology Department of National Science and Technology Commission
国家科学技术委员会,国家科学技术委员会,State Scientific and Technological Commission
国家科学数字图书馆项目管理中心,国家科学数字图书馆项目管理中心,National Science Digital Library Project Management Center
国家科技基础条件平台中心,国家科技基础条件平台中心,National Science and Technology Infrastructure Platform Center
国家科技评估中心,国家科技评估中心,National Center for Science and Technology Evaluation
国家科技部火炬高技术产业开发中心,国家科技部火炬高技术产业开发中心,Torch High-tech Industry Development Center of the Ministry of Science and Technology
国家管网集团北方管道有限责任公司,国家管网集团北方管道有限责任公司,"National Pipeline Network Group Northern Pipeline Co., Ltd."
国家粮食和物资储备局科学研究院,国家粮食和物资储备局科学研究院,Academy of National Food and Strategic Reserves Administration
国家纳米研究中心,国家纳米研究中心,National Nanotechnology Research Center
国家纳米科学中心,国家纳米科学中心,The National Center for Nanoscience and Technology
国家经委科技局,国家经委科技局,State Economic Commission Science and Technology Bureau
国家能源局发展规划司,国家能源局发展规划司,Development Planning Department of National Energy Administration
国家能源页岩油研发中心,国家能源页岩油研发中心,National energy shale oil research and Development Center
国家自然科学基金委员会,国家自然科学基金委员会,National Natural Science Foundation of China
国家自然科学基金委员会化学科学部,国家自然科学基金委员会化学科学部,ChemicalScience Department of National Natural ScienceFund Committee
国家自然科学基金委员会医学科学部,国家自然科学基金委员会医学科学部,"National Natural Science Foundation of China, Department of Medical Sciences"
国家自然科学基金委员会地球科学部,国家自然科学基金委员会地球科学部,National Natural Science Foundation of China Earth Sciences Department
国家自然科学基金委员会科学传播与成果转化中心,国家自然科学基金委员会科学传播与成果转化中心,National Natural Science Foundation of China Science Communication and Achievement Transformation Center
国家节能中心,国家节能中心,National Energy Conservation Center
国家药品监督管理局药品审评中心,国家药品监督管理局药品审评中心,National Drug Administration Drug Evaluation Center
国家计划委员会自然资源综合考察委员会,国家计划委员会自然资源综合考察委员会,National Planning Commission Natural Resources Comprehensive Survey Committee
国家计委地理研究所,国家计委地理研究所,National Planning Commission Institute of Geography
国家计委自然资源综合考察委员会,国家计委自然资源综合考察委员会,National Planning Commission Natural Resources Comprehensive Investigation Committee
国家计算机网络入侵防范中心,国家计算机网络入侵防范中心,National Computer Network Intrusion Prevention Center
国家质量监督检验检疫总局,国家质量监督检验检疫总局,"General Administration of Quality Supervision, Inspection and Quarantine of the People's Republic of China"
国家质量监督检验疫总局,国家质量监督检验疫总局,"General Administration of Quality Supervision, Inspection and Quarantine"
国家超算深圳中心,国家超算深圳中心,National Supercomputing Shenzhen Center
国家食物与营养咨询委员会,国家食物与营养咨询委员会,State Food and Nutrition Consultant Committee
国投生物科技投资有限公司,国投生物科技投资有限公司,"SDIC Biotechnology Investment Co., Ltd."
国电南瑞科技股份有限公司,国电南瑞科技股份有限公司,"NARI Technology Co., Ltd."
国科学院,中国科学院,Chinese Academy of Sciences
国网合肥供电公司,国网合肥供电公司,State Grid Hefei Power Supply Company
国防科技大学,国防科技大学,National University of Defense Technology
国际与比较教育研究所,国际与比较教育研究所,Institute of International and Comparative Education
国际创新转化学院,国际创新转化学院,International Innovation and Translation Institute
国际古迹遗址理事会西安保护研究中心,国际古迹遗址理事会西安保护研究中心,ICOMOS Xi'an Conservation Research Center
国际合作局,国际合作局,International Cooperation Bureau
国际图书馆联合会管理委员。,国际图书馆联合会管理委员。,Governing Council Member of the International Federation of Library Associations.
国际山地综合发展中心,国际山地综合发展中心,International Centre for Integrated Mountain Development
国际科学理事会,国际科学理事会,International Council for Science
国际科联国际科技数据委员会,国际科联国际科技数据委员会,International Council for Science and Technology Data Committee
国际科联城市健康与福祉计划国际办公室,国际科联城市健康与福祉计划国际办公室,International Office of the Urban Health and Well-being Programme of ICSU
国际粮食政策研究所,国际粮食政策研究所,International Food Policy Research Institute
国际部,中国科学院,Chinese Academy of Sciences
土壤与农业可持续发展国家重点实验室,土壤与农业可持续发展国家重点实验室,State Key Laboratory of Soil and Sustainable Agriculture
土壤环境与污染修复重点实验室,土壤环境与污染修复重点实验室,Key Laboratory of Soil Environment and Pollution Remediation
地学部,中国科学院,Chinese Academy of Sciences
地球化学研究所,地球化学研究所,"Guangzhou Institute of Geochemistry, Chinese Academy of Sciences"
地理信息系统教育部重点实验室,地理信息系统教育部重点实验室,"Key Laboratory of Geographic Information Systems, Ministry of Education"
地理研究所,中国科学院地理研究所,INSTITUTE OF GEOGRAPHIC SCIENCES AND NATURAL RESOURCES RESEARCH，CAS
地理科学与资源研究所,中国科学院地理科学与资源研究所,INSTITUTE OF GEOGRAPHIC SCIENCES AND NATURAL RESOURCES RESEARCH，CAS
地理空间信息机构/印尼遥感学会,地理空间信息机构/印尼遥感学会,Geospatial Information Agency/Indonesian Remote Sensing Society
地矿部矿床地质所,地矿部矿床地质所,"Institute of Mineral Deposits, Ministry of Geology and Mineral Resources"
地矿部科技高级咨询中心,地矿部科技高级咨询中心,Advanced Technology Consulting Center of the Ministry of Geology and Mineral Resources
地质矿产部,地质矿产部,Department of Geology and Mineral Resources
地质矿产部岩溶地质研究所,地质矿产部岩溶地质研究所,"Karst Geology Institute, Ministry of Geology and Mineral Resources"
地质研究所,地质研究所,Institute of Geology
城市与区域生态国家重点实验室,城市与区域生态国家重点实验室,State Key Laboratory of Urban and Regional Ecology
基础研究司,基础研究司,Basic Research Department
基础科学局,基础科学局,Bureau of Basic Sciences
塔里木河流域管理局,塔里木河流域管理局,Tarim River Basin Administration
声场声信息国家重点实验室,声场声信息国家重点实验室,State Key Laboratory of Acoustic Field and Acoustic Information
声学研究所,声学研究所,Acoustics Research Institute
复旦大学,复旦大学,Fudan University
复旦生命医学伦理研究中心,复旦生命医学伦理研究中心,Fudan Life and Medical Ethics Research Center
大亚湾海洋生物综合实验站,大亚湾海洋生物综合实验站,Daya Bay Marine Biological Comprehensive Experiment Station
大同市人民政府,大同市人民政府,Datong Municipal People's Government
大同市环境保护局,大同市环境保护局,Datong Environmental Protection Bureau
大气物理研究所,大气物理研究所,Institute of Atmospheric Physics，Chinese Academy of Sciences
大自然保护协会,大自然保护协会,The Nature Conservancy
大连化学物理研究所,大连化学物理研究所,"Dalian Institute of Chemical Physics, Chinese Academy of Sciences"
大连大学,大连大学,Dalian University
大连工业大学,大连工业大学,Dalian Polytechnic University
大连理工大学,大连理工大学,Dalian University of Technology
天山冰川观测试验站,天山冰川观测试验站,Tianshan Glacier Observation and Experimental Station
天津农学院,天津农学院,Tianjin Agricultural University
天津大学,天津大学,Tianjin University
天津市北辰区西堤头镇社区卫生服务中心,天津市北辰区西堤头镇社区卫生服务中心,"Xititou Town Community Health Service Center, Beichen District, Tianjin"
天津市工业生物系统与过程工程重点实验室,天津市工业生物系统与过程工程重点实验室,Tianjin Key Laboratory of Industrial Biosystems and Process Engineering
太原理工大学,太原理工大学,Taiyuan University of Technology
太湖湖泊生态系统研究站,太湖湖泊生态系统研究站,Taihu Lake Ecosystem Research Station
奈曼沙漠化研究站,奈曼沙漠化研究站,Naiman Desertification Research Station
孟加拉国农业大学,孟加拉国农业大学,Bangladesh Agricultural University
安徽光学精密机械研究所,安徽光学精密机械研究所,Anhui Institute Of Optics and Fine Mechanics
安徽农业大学,安徽农业大学,Anhui AgriculturalUniversity
安徽大学,安徽大学,Anhui University
安徽师范大学,安徽师范大学,Anhui Normal University
安徽怀远县农业局,安徽怀远县农业局,Anhui Huaiyuan County Agricultural Bureau
安徽省农业委员会,安徽省农业委员会,Anhui Provincial Agricultural Committee
安徽省国土空间规划研究院,安徽省国土空间规划研究院,Anhui Provincial Land and Space Planning Institute
安徽省地震局,安徽省地震局,Anhui Provincial Seismological Bureau
安徽省怀远县农业局,安徽省怀远县农业局,Anhui Province Huaiyuan County Agricultural Bureau
安徽蒙城地球物理国家野外科学观测研究站,安徽蒙城地球物理国家野外科学观测研究站,Anhui Mengcheng Geophysical National Field Scientific Observation and Research Station
密码学院,密码学院,Cryptography Academy
寒区旱区环境与工程研究所,寒区旱区环境与工程研究所,Cold and Arid Regions Environmental and Engineering Research Institute，Chinese Academy of Sciences
对外经济贸易大学,对外经济贸易大学,University of International Business and Economics
对外经贸大学,对外经贸大学,University of International Business and Economics
封丘农业生态实验站,封丘农业生态实验站,Fengqiu Agricultural Ecological Experimental Station
尼泊尔国家地震技术学会,尼泊尔国家地震技术学会,Nepal National Earthquake Technology Society
山东大学,山东大学,Shandong University
山东棉花中心,山东棉花中心,Shandong Cotton Center
山东理工大学,山东理工大学,Shandong University of Technology
山东省农业科学院,山东省农业科学院,Shandong Academy of Agricultural Sciences
山东省海岸带环境过程重点实验室,山东省海岸带环境过程重点实验室,Shandong Provincial Key Laboratory of Coastal Environmental Processes
山东省海洋科学研究院,山东省海洋科学研究院,Marine Sciences Research Institute of Shandong Province
山东省科学技术厅,山东省科学技术厅,Shandong Science and Technology Department
山东禹城农田生态系统国家野外科学观测研究站,山东禹城农田生态系统国家野外科学观测研究站,Shandong Yucheng Farmland Ecosystem National Field Scientific Observation and Research Station
山东财经大学,山东财经大学,Shandong University of Finance and Economics
山西大学,山西大学,Shanxi University
山西煤炭化学研究所,山西煤炭化学研究所,Institute of Coal Chemistry Chinese Academy of Sciences
山西省农科院,山西省农科院,Shanxi Agricultural University
嵊州市人民检察院,嵊州市人民检察院,Shengzhou People's Procuratorate
工业.研究中心,工业.研究中心,Industrial Research Center
工商管理学院,工商管理学院,Institute of Business Management
工程热物理研究所,工程热物理研究所,Institute of Engineering Thermophysics
巴基斯坦白沙瓦大学,巴基斯坦白沙瓦大学,"University of Peshawar, Pakistan"
常务中国科学院,常务中国科学院,Executive Chinese Academy of Sciences
广东东实环境股份有限公司,广东东实环境股份有限公司,"Guangdong Dongshi Environmental Protection Co., Ltd."
广东医学院,广东医学院,Guangdong Medical University
广东工业大学,广东工业大学,Guangdong University of Technology
广东松湖之材产业育成中心有限公司,广东松湖之材产业育成中心有限公司,"Guangdong Songhu Materials Industry Incubation Center Co., Ltd."
广东省·中国科学院,广东省·中国科学院,Guangdong Province·Chinese Academy of Sciences
广东省科学院,广东省科学院,Guangdong Academy of Sciences
广州分院,广州分院,Guangzhou Branch
广州办公室在职,广州办公室在职,Guangzhou Office
广州化学研究所,广州化学研究所,Guangzhou Institute of Chemistry
广州大学,广州大学,Guangzhou University
广州粤港澳大湾区研究院,广州粤港澳大湾区研究院,The Guangzhou Institute of the Guangdong-Hong Kong-Macao Greater Bay Area
广州能源研究所,广州能源研究所,Guangzhou Energy Research Institute
建设部,建设部,Ministry of Construction
开放原子开源基金会,开放原子开源基金会,OpenAtom Foundation
弗里堡大学,弗里堡大学,Université de Fribourg
微生物研究所,微生物研究所,Institute of Microbiology
微生物资源前期开发国家重点实验室,微生物资源前期开发国家重点实验室,State Key Laboratory of Microbial Resources Preliminary Development
德国弗劳恩霍夫系统与创新研究所,德国弗劳恩霍夫系统与创新研究所,"Fraunhofer Institute for Systems and Innovation Research, Germany"
德国斯图加特,德国斯图加特,"Stuttgart, Germany"
德国比勒费尔德大学,德国比勒费尔德大学,Bielefeld University
德累斯顿工业大学,德累斯顿工业大学,Technische Universität Dresden
心理健康重点实验室,心理健康重点实验室,Key Laboratory of Mental Health
心理学院,心理学院,School of Psychology
心理研究所,心理研究所,Institute of Psychology
总理,总理,Premier；Prime Minister；chancellor
意大利国家研究委员会大气污染研究所,意大利国家研究委员会大气污染研究所,"Institute of Air Pollution, Italian National Research Council"
意大利国家研究理事会环境分析方法研究所,意大利国家研究理事会环境分析方法研究所,"Institute for Environmental Analysis Methods, Italian National Research Council"
意大利国家研究理事会考古与古建筑研究所,意大利国家研究理事会考古与古建筑研究所,"Institute of Archaeology and Ancient Architecture, Italian National Research Council"
意大利米兰理工大学,意大利米兰理工大学,Politecnico di Milano
感应用研究所,感应用研究所,Institute of Applied Sensing
成都信息工程大学,成都信息工程大学,Chengdu University of Information Technology
成都地理研究所,成都地理研究所,Chengdu Institute of Geography
成都山地灾害与环境研究所,成都山地灾害与环境研究所,"Institute of Mountain Hazards and Environment, Chinese Academy of Sciences"
成都有机化学研究所,成都有机化学研究所,"Chengdu Institute of Organic Chemistry,Chinese Academy of Sciences"
成都理工大学,成都理工大学,Chengdu University of Technology
战略金属资源绿色循环利用国家工程研究中心,战略金属资源绿色循环利用国家工程研究中心,National Engineering Research Center for Green Recycling of Strategic Metal Resources
技术科学与开发,技术科学与开发,Technology Science and Development
技术科学部,技术科学部,Department of Technology and Science
拉萨高原生态试验站,拉萨高原生态试验站,Lhasa Plateau Ecological Experiment Station
挪威南森环境与遥感中心,挪威南森环境与遥感中心,"Nansen Environmental and Remote Sensing Centre, Norway"
挪威奥斯陆大学,挪威奥斯陆大学,Universitetet i Oslo
政府管理学院,政府管理学院,School of Government
数字制图与国土信息应用工程自然资源部重点实验室,数字制图与国土信息应用工程自然资源部重点实验室,"Key Laboratory of Digital Cartography and Land Information Application Engineering, Ministry of Natural Resources"
数学科学学院,数学科学学院,School of Mathematical Sciences
文献情报中心,文献情报中心,Documentation and Information Center
文理学院,文理学院,Liberal Arts College
斯里兰卡科伦坡大学,斯里兰卡科伦坡大学,"University of Colombo, Sri Lanka"
新乡医学院,新乡医学院,Xinxiang Medical University
新华文摘杂志社,新华文摘杂志社,Xinhua Digest Magazine
新疆生态与地理研究所,新疆生态与地理研究所,"Xinjiang Institute of Ecology and Geography , Chinese Academy of Sciences"
新疆策勒荒漠草地生态系统国家野外科学观测研究站,新疆策勒荒漠草地生态系统国家野外科学观测研究站,Xinjiang Cele Desert Grassland Ecosystem National Field Scientific Observation and Research Station
新疆维吾尔自治区科学技术协会,新疆维吾尔自治区科学技术协会,XINJIANG ASSOCIATION FOR SCIENCE AND TECHNOLOGY，为XJAST
新闻与信息传播学院,新闻与信息传播学院,School of Journalism and Communication
日本东京大学,日本东京大学,東京大学
日本全球环境战略研究所,日本全球环境战略研究所,Japan Institute for Global Environmental Strategies
日本理化学研究所,日本理化学研究所,RIkagaku KENkyusho/Institute of Physical and Chemical Research
日本贸易振兴机构亚洲经济研究所,日本贸易振兴机构亚洲经济研究所,JETRO Institute of Developing Economies
昆士兰大学,昆士兰大学,The University of Queensland
昆明动物研究所,昆明动物研究所,KUNMING INSTITUTE OF ZOOLOGY.CAS
昆明理工大学,昆明理工大学,Kunming University of Science and Technology
普天新能源有限公司,普天新能源有限公司,"Putian New Energy Co., Ltd."
普定喀斯特生态系统观测研究站,普定喀斯特生态系统观测研究站,Puding Karst Ecosystem Observation and Research Station
智库研究中心,智库研究中心,Think Tank Research Center
智慧城市物联网国家重点实验室,智慧城市物联网国家重点实验室,State Key Laboratory of Smart City Internet of Things
暨南大学,暨南大学,Jinan University
曙光信息产业股份有限公司,曙光信息产业股份有限公司,"Sugon Information Industry Co., Ltd."
曾任钱三强,曾任钱三强,Qian Sanqiang
最高人民检察院,最高人民检察院,The Supreme People's Procuratorate，PRC
有机地球化学国家重点实验室,有机地球化学国家重点实验室,State Key Laboratory of Organic Geochemistry
有研工程技术研究院,有研工程技术研究院,YUYAN Engineering Technology Research Institute
本刊编辑部,本刊编辑部,Editorial Department
条件保障与财务局,条件保障与财务局,"Bureau of Conditions, Security and Finance"
杨陵,杨陵,Yang Ling
杨陵水土保持研究所,杨陵水土保持研究所,Yangling Soil and Water Conservation Research Institute
杭州图书馆,杭州图书馆,Hangzhou Library
杭州师范大学,杭州师范大学,Hangzhou Normal University
杭州应用声学研究所,杭州应用声学研究所,Hangzhou Institute of Applied Acoustics
松山湖材料实验室,松山湖材料实验室,Songshan Lake Materials Laboratory
林业部,林业部,Ministry of Forestry
栾城农业生态系统试验站,栾城农业生态系统试验站,Luancheng Agricultural Ecosystem Experimental Station
植物园,植物园,"Filles du botaniste, Les、The Chinese Botanists Daughter"
植物基因组学国家重点实验室,植物基因组学国家重点实验室,State Key Laboratory of Plant Genomics
植物多样性与特色经济作物全国重点实验室,植物多样性与特色经济作物全国重点实验室,National Key Laboratory of Plant Diversity and Specialty Economic Crops
植物生理生态研究所,植物生理生态研究所,Institute of Plant Physiology and Ecology
植物研究所,植物研究所,Institute of Botany
植被与环境变化国家重点实验室,植被与环境变化国家重点实验室,State Key Laboratory of Vegetation and Environmental Change
欧洲核子中心,欧洲核子中心,Organisation Européenne pour la Recherche Nucléaire
欧洲空间局,欧洲空间局,英文：European Space Agency
欧盟联合研究中心,欧盟联合研究中心,Joint Research Centre
武汉大学,武汉大学,Wuhan University
武汉岩土力学研究所,武汉岩土力学研究所,Wuhan Institute of Rock and Soil Mechanics
武汉测绘科技大学,武汉测绘科技大学,Wuhan University of Surveying and Mapping
武汉病毒研究所,武汉病毒研究所,Wuhan Institute of Virology，Chinese Academy of Sciences
武汉知识产权交易所,武汉知识产权交易所,Wuhan Intellectual Property Exchange
民俗典籍文字研究中心,民俗典籍文字研究中心,Folklore and Classical Writing Research Center
民政部国家减灾中心,民政部国家减灾中心,"National Disaster Reduction Center, Ministry of Civil Affairs"
气候组织大中国区,气候组织大中国区,The Climate Group Greater China
水利部信息研究所,水利部信息研究所,Information Research Institute of Ministry of Water Resources
水利部农村电气化研究所,水利部农村电气化研究所,Hangzhou Regional Center(Asia-Pacific)for Small Hydro Power/National Research Institute for Rural Electrification
水利部宣传教育中心,水利部宣传教育中心,Ministry of Water Resources Publicity and Education Center
水利部应对气候变化研究中心,水利部应对气候变化研究中心,水利部应对气候变化研究中心
水土保持研究所,水土保持研究所,Soil and Water Conservation Research Institute
水沙科学与水利水电工程国家重点实验室,水沙科学与水利水电工程国家重点实验室,State Key Laboratory of Hydrogeology and Water Conservancy and Hydropower Engineering
水环境模拟国家重点实验室,水环境模拟国家重点实验室,State Key Laboratory of Water Environment Simulation
水环境研究所,水环境研究所,Water Environment Research Institute
水生生物研究所,水生生物研究所,Institute of Aquatic Biology
汕头大学,汕头大学,Shantou University
江之岛水族馆,江之岛水族馆,Enoshima Aquarium
江南大学,江南大学,Jiangnan University
江汉大学,江汉大学,Jianghan University
江苏省产业技术研究院,江苏省产业技术研究院,JIANGSU INDUSTRIAL TECHNOLOGY RESEARCH INSTITUTE
江苏省农业科学院,江苏省农业科学院,Jiangsu Academy of Agricultural Sciences
江苏省地理信息资源开发与利用协同创新中心,江苏省地理信息资源开发与利用协同创新中心,Jiangsu Provincial Collaborative Innovation Center for Geographic Information Resources Development and Utilization
江苏紫金传媒智库,江苏紫金传媒智库,Jiangsu Zijin Media Think Tank
江苏经贸职业技术学院,江苏经贸职业技术学院,Jiangsu Vocational Institute of Commerce
江西理工大学,江西理工大学,Jiangxi University of Science and Technology
江西省科学院,江西省科学院,Jiangxi Academy of Sciences
污染土壤生物-物化协同修复技术国家地方联合工程实验室,污染土壤生物-物化协同修复技术国家地方联合工程实验室,National and Local Joint Engineering Laboratory for Bio-physical-chemical Synergistic Remediation of Contaminated Soils
沈阳中国工程院,沈阳中国工程院,Shenyang Chinese Academy of Engineering
沈阳农业大学,沈阳农业大学,Shenyang Agricultural University
沈阳应用生态研究所,沈阳应用生态研究所,"Shenyang Institute of Applied Ecology, Chinese Academy of Sciences"
沈阳新松维尔康科技有限公司,沈阳新松维尔康科技有限公司,"Shenyang Xinsong Wellcome Technology Co., Ltd."
沈阳生态实验站,沈阳生态实验站,Shenyang Ecological Experiment Station
沈阳自动化研究所,沈阳自动化研究所,Shenyang Institute of Automation Chinese Academy of Sciences
沙坡头沙漠研究试验站,沙坡头沙漠研究试验站,Shapotou Desert Research and Experiment Station
河北农业大学,河北农业大学,Hebei Agricultural University
河北医科大学,河北医科大学,Hebei Medical University
河北大学,河北大学,Hebei University
河北工程大学,河北工程大学,Hebei University of Engineering
河南大学,河南大学,Henan University
河南理工大学,河南理工大学,Henan Polytechnic University
河南省农科院,河南省农科院,Henan Academy of Agricultural Sciences
河南省封丘县人民政府,河南省封丘县人民政府,"Fengqiu County People's Government, Henan Province"
河口海岸学国家重点实验室,河口海岸学国家重点实验室,State Key Laboratory of Estuarine and Coastal Research
河海大学,河海大学,Hohai University
法学院,法学院,Law School
泰康基金管理有限公司,泰康基金管理有限公司,"Taikang Fund Management Co., Ltd."
流体力学家 中国科学院,中国科学院,Chinese Academy of Sciences
流域水循环模拟与调控国家重点实验室,流域水循环模拟与调控国家重点实验室,State Key Laboratory of River Basin Water Cycle Simulation and Regulation
测绘遥感信息工程国家重点实验室,测绘遥感信息工程国家重点实验室,"State Key Laboratory of Information Engineering in Surveying, Mapping and Remote Sensing"
测量与地球物理研究所,测量与地球物理研究所,Institute of Geodesy and Geophysics
济宁医学院,济宁医学院,Jining Medical University
济宁神农画圆生态系统模式推广公司,济宁神农画圆生态系统模式推广公司,Jining Shennong Huayuan Ecosystem Model Promotion Company
浙江农林大学,浙江农林大学,ZHEJIANG A&F UNIVERSITY
浙江医科大学,浙江医科大学,Zhejiang University School of Medicine
浙江大学,浙江大学,Zhejiang University
浙江工业大学,浙江工业大学,Zhejiang University of Technology
浙江师范大学,浙江师范大学,Zhejiang Normal University
浙江省北大信息技术高等研究院,浙江省北大信息技术高等研究院,"Zhejiang Institute of Information Technology, Peking University"
海伦农业生态实验站,海伦农业生态实验站,Hailun Agricultural Ecological Experiment Station
海军大连舰艇学院,海军大连舰艇学院,PLA Dalian Naval Academy
海北高寒草甸生态系统定位站,海北高寒草甸生态系统定位站,Haibei Alpine Meadow Ecosystem Positioning Station
海南大学,海南大学,Hainan University
海洋与地球学院,海洋与地球学院,College of Ocean and Earth Sciences
海洋垃圾和微塑料研究中心,海洋垃圾和微塑料研究中心,Marine Litter and Microplastics Research Center
海洋声学信息感知工业和信息化部重点实验室(西北工业大学,海洋声学信息感知工业和信息化部重点实验室(西北工业大学,"Key Laboratory of Ocean Acoustic Information Perception, Ministry of Industry and Information Technology (Northwestern Polytechnical University"
海洋研究所,海洋研究所,Institute of Oceanography
深圳市人才工作局,深圳市人才工作局,Shenzhen Talent Bureau
深圳市建筑科学研究院,深圳市建筑科学研究院,Shenzhen Institute of Building Science
深圳市科技创新战略研究和技术转移促进中心,深圳市科技创新战略研究和技术转移促进中心,Shenzhen Science and Technology Innovation Strategy Research and Technology Transfer Promotion Center
深圳理工大学,深圳理工大学,Shenzhen University of Advanced Technology
深圳科技工业园总公司,深圳科技工业园总公司,Shenzhen Science and Technology Industrial Park Head Office
深圳零一学院,深圳零一学院,Shenzhen Zero One Academy
深部煤矿采动响应与灾害防控国家重点实验室,深部煤矿采动响应与灾害防控国家重点实验室,State Key Laboratory of Mining Response and Disaster Prevention in Deep Coal Mines
清华大学,清华大学,Tsinghua University
湖北省环境与灾害监测评估重点实验室,湖北省环境与灾害监测评估重点实验室,Hubei Provincial Key Laboratory of Environment and Disaster Monitoring and Assessment
湖北省科技大数据重点实验室,湖北省科技大数据重点实验室,Hubei Provincial Key Laboratory of Science and Technology Big Data
湖北经济学院,湖北经济学院,Hubei University of Economics
湖南农业大学,湖南农业大学,Hunan Agricultural University
湖南大学,湖南大学,Hunan University
湖南工商大学,湖南工商大学,Hunan University Of Technology and Business
湖南师范大学,湖南师范大学,Hunan Normal University
湖南环境生物职业技术学院,湖南环境生物职业技术学院,Hunan University of Environment and Biology
澳门科技大学,澳门科技大学,Macau University of Science and Technology
灾害风险综合研究计划国际项目办公室,灾害风险综合研究计划国际项目办公室,IRDR
灾害风险综合研究计划科学委员会,灾害风险综合研究计划科学委员会,Scientific Committee of the Integrated Disaster Risk Research Programme
煤炭工业规划设计研究院,煤炭工业规划设计研究院,Coal Industry Planning and Design Institute
煤炭科学研究总院,煤炭科学研究总院,China Coal Research Institute
燕山地球关键带与地表通量国家野外科学观测研究站,燕山地球关键带与地表通量国家野外科学观测研究站,Yanshan Earth Critical Zone and Surface Flux National Field Scientific Observation and Research Station
牛津大学,牛津大学,University of Oxford
物理学院,物理学院,School of Physics
物理研究所,中国科学院物理研究所,Institute of Physics CAS
物理系,物理系,Department of Physics
物研究所,中国科学院物研究所,"Institute of Physics, Chinese Academy of Sciences"
特力惠信息科技股份有限公司,特力惠信息科技股份有限公司,"Tri-Tech Information Technology Co., Ltd."
环境保护部南京环境科学研究所,环境保护部南京环境科学研究所,"Nanjing Institute of Environmental Sciences,MEE"
环境光学研究室,环境光学研究室,Environmental Optics Laboratory
环境化学与生态毒理学国家重点实验室,环境化学与生态毒理学国家重点实验室,State Key Laboratory of Environmental Chemistry and Ecotoxicology
环江喀斯特生态系统观测研究站,环江喀斯特生态系统观测研究站,Huanjiang Karst Ecosystem Observation and Research Station
理化技术研究所,理化技术研究所,Institute of Physical and Chemical Technology
理论物理研究所,理论物理研究所,Institute of Theoretical Physics
瑞典乌普萨拉大学,瑞典乌普萨拉大学,Uppsala University
瑞格人工智能科技有限公司,瑞格人工智能科技有限公司,"Regal Artificial Intelligence Technology Co., Ltd."
甘肃中医药大学,甘肃中医药大学,Gansu University Of Chinese Medicine
甘肃民勤荒漠草地生态系统国家野外科学观测研究站,甘肃民勤荒漠草地生态系统国家野外科学观测研究站,Gansu Minqin Desert Grassland Ecosystem National Field Scientific Observation and Research Station
甘肃省治沙研究所,甘肃省治沙研究所,Gansu Desertification Control Research Institute
生态环境研究中心,生态环境研究中心,Ecological Environment Research Center
生态环境部华北核与辐射安全监督站,生态环境部华北核与辐射安全监督站,North China Nuclear and Radiation Safety Supervision Station of the Ministry of Ecology and Environment
生态环境部华南核与辐射安全监督站,生态环境部华南核与辐射安全监督站,South China Nuclear and Radiation Safety Supervision Station of the Ministry of Ecology and Environment
生态环境部南京环境科学研究所,生态环境部南京环境科学研究所,"Nanjing Institute of Environmental Sciences,MEE"
生态环境部核与辐射安全中心,生态环境部核与辐射安全中心,Nuclear and radiation safety center
生态环境部环境与经济政策研究中心,生态环境部环境与经济政策研究中心,Environmental and Economic Policy Research Center of the Ministry of Ecology and Environment
生物传感器国家专业实验室 生物医学工程教育部重点实验室生物医学工程与仪器科学学院,"生物传感器国家专业实验室,生物医学工程教育部重点实验室生物医学工程与仪器科学学院","National Laboratory of Biosensors, Key Laboratory of Biomedical Engineering, Ministry of Education, School of Biomedical Engineering and Instrument Science"
生物多样性和生态工程教育部重点实验室,生物多样性和生态工程教育部重点实验室,Ministry of Education Key Laboratory for Biodiversity Science and Ecological Engineering
生物大分子国家重点实验室,生物大分子国家重点实验室,State Key Laboratory of Biomacromolecules
生物学部,生物学部,Department of Biology
生物安全三级实验室,生物安全三级实验室,Biological safety protection third-level laboratory
生物物理所,生物物理所,Institute of Biophysics，Chinese Academy of Sciences
生物物理研究所,生物物理研究所,Institute of Biophysics
电力工业部,电力工业部,Ministry of Electric Power Industry of The People's Republic of China
电力规划设计总院,电力规划设计总院,China Electric Power Planning & Engineering Institute
电工研究所,电工研究所,Electrical Engineering Research Institute
知识产权学院,知识产权学院,School of intellectual property rights
石家庄农业现代化研究所,石家庄农业现代化研究所,Shijiazhuang Agricultural Modernization Research Institute
石家庄市农科院,石家庄市农科院,Shijiazhuang Academy of Agricultural Sciences
碳中和发展研究院,碳中和发展研究院,Carbon Neutrality Development Research Institute
社会科学学院,社会科学学院,Faculty of Social Sciences
社长总编辑,社长总编辑,President and Editor-in-Chief
神农架生物多样性定位研究站,神农架生物多样性定位研究站,Shennongjia Biodiversity Positioning Research Station
福州大学,福州大学,Fuzhou University
福州市国土资源测绘队,福州市国土资源测绘队,Fuzhou Land and Resources Surveying Team
福州市规划设计研究院,福州市规划设计研究院,"Fuzhou Planning and Design Institute Group Co., Ltd"
福建农学院,福建农学院,Fujian Agriculture and Forestry University
福建工程学院,福建工程学院,Fujian University of Technology
福建师范大学,福建师范大学,Fujian Normal University
福建江夏学院,福建江夏学院,Fujian Jiangxia University
福建物质结构研究所,福建物质结构研究所,FUJIAN INSTITUTE OF RESEARCH ON THE STRUCTURE
科学出版社,科学出版社,Science Press
科学技术与医学史系,科学技术与医学史系,"Department of History of Science, Technology and Medicine"
科学技术部政策法规司,科学技术部政策法规司,"Department of Policy and Regulation, Ministry of Science and Technology"
科学技术部火炬高技术产业开发中心,科学技术部火炬高技术产业开发中心,The Ministry of science and technologythe torchhigh technology industry development center
科学技术部科技人才交流开发服务中心,科学技术部科技人才交流开发服务中心,Science and Technology Talent Exchange and Development Service Center of the Ministry of Science and Technology
科学技术部科技评估中心,科学技术部科技评估中心,Technology Evaluation Center of the Ministry of Science and Technology
科学技术部高技术研究发展中心,科学技术部高技术研究发展中心,"High Technology Research and Development Center, Ministry of Science and Technology"
科学教育研究院,科学教育研究院,Institute of Science Education
科学时报社,科学时报社,science times
科尔森林痕量气体与同位素通量监测研发联合实验室,科尔森林痕量气体与同位素通量监测研发联合实验室,Kerr Forest Trace Gas and Isotope Flux Monitoring Research and Development Joint Laboratory
科技促进发展局,科技促进发展局,Science and Technology Development Agency
科技促进经济发展基金会,科技促进经济发展基金会,Science and Technology for Economic Development Foundation
科技发展研究中心,科技发展研究中心,Science and Technology Development Research Center
科技处,科技处,Technology Department
科技大数据湖北省重点实验室,科技大数据湖北省重点实验室,Hubei Provincial Key Laboratory of Science and Technology Big Data
科技政策与管理科学研究所,科技政策与管理科学研究所,"Institutes of Science and Development, Chinese Academy of Sciences"
科技部国家科技基础条件平台中心,科技部国家科技基础条件平台中心,National Science and Technology Infrastructure Platform Center of the Ministry of Science and Technology
科技部科技评估中心,科技部科技评估中心,Technology Evaluation Center of the Ministry of Science and Technology
空间中心,空间中心,"National Space Science Center,the Chinese Academy of Sciences"
空间主动光电技术实验室,空间主动光电技术实验室,Space Active Optoelectronics Technology Laboratory
空间科学与应用研究中心 中国科学院,"空间科学与应用研究中心,中国科学院","Space Science and Application Research Center, Chinese Academy of Sciences"
突尼斯干旱区研究所,突尼斯干旱区研究所,Tunisian Institute of Arid Zones Research
竺可桢研究会理事长,竺可桢研究会理事长,Chairman of the Zhu Kezhen Research Association
第三世界科学院,第三世界科学院,The World Academy of Sciences
第三届世界生态高峰大会组委会,第三届世界生态高峰大会组委会,The Third World Ecological Summit Organizing Committee
等离子体物理研究所,等离子体物理研究所,Institute of Plasma Physics
策勒沙漠研究站,策勒沙漠研究站,Cele Desert Research Station
米堆冰川-光谢错冰湖灾害西藏自治区野外科学观测研究站,米堆冰川-光谢错冰湖灾害西藏自治区野外科学观测研究站,Midui Glacier-Guangxiecuo Glacial Lake Hazard Tibet Autonomous Region Field Scientific Observation and Research Station
粤港澳大湾区战略研究院,粤港澳大湾区战略研究院,Guangdong-Hong Kong-Macao Greater Bay Area Strategic Research Institute
精准智能化学重点实验室,精准智能化学重点实验室,Key Laboratory of Precision and Intelligent Chemistry
系统科学研究所,系统科学研究所,Institute of Systems Science
紫金山天文台,紫金山天文台,Purple Mountain Observatory，Chinese Academy of Sciences
经济与管理学院,经济与管理学院,School of Economics and Management
经济管理学院,经济管理学院,School of Economics and Management
缅甸工程学会,缅甸工程学会,Myanmar Engineering Society
缅甸曼德勒科技大学,缅甸曼德勒科技大学,"Mandalay Technological University, Myanmar"
网络通信与安全紫金山实验室,网络通信与安全紫金山实验室,Purple Mountain Laboratories
美国再生能源国家实验室,美国再生能源国家实验室,National Laboratory for Renewable Energy
美国加州大学,美国加州大学,University of California
美国坎贝尔科学仪器公司,美国坎贝尔科学仪器公司,Campbell Scientific Instruments
美国密西根大学,美国密西根大学,University of Michigan
美国弗吉利亚大学,美国弗吉利亚大学,University of Virginia
美国得克萨斯大学,美国得克萨斯大学,University of Texas
美国德克萨斯大学,美国德克萨斯大学,University of Texas
美国斯坦福大学,美国斯坦福大学,Leland Stanford Junior University
美国杜克大学,美国杜克大学,英文：Duke University
美国洛杉矶自然历史博物馆,美国洛杉矶自然历史博物馆,Natural History Museum of Los Angeles County
美国耶鲁大学,美国耶鲁大学,Yale University
美国西北大学,美国西北大学,Northwestern University
美国马里兰大学,美国马里兰大学,"University of Maryland, College Park"
美国麻省理工学院,美国麻省理工学院,Massachusetts Institute of Technology
老挝科学技术部,老挝科学技术部,Ministry of Science and Technology of Laos
联合国国际减灾战略科学技术咨询组/灾害风险综合研究计划科学委员会/英格兰公共卫生署,"联合国国际减灾战略科学技术咨询组,灾害风险综合研究计划科学委员会,英格兰公共卫生署","UNISDR Scientific and Technical Advisory Group, Integrated Disaster Risk Research Programme Scientific Committee, Public Health England"
联合国大学,联合国大学,United Nations University
联合国教科文组织人与生物圈计划中国国家委员会,联合国教科文组织人与生物圈计划中国国家委员会,China National Committee for the UNESCO Man and the Biosphere Programme
联合国教科文组织国际工程科技知识中心,联合国教科文组织国际工程科技知识中心,UNESCO International Knowledge Centre for Engineering Technologies
联合国教科文组织国际自然与文化遗产空间技术中心,联合国教科文组织国际自然与文化遗产空间技术中心,International Center for Space Technology of Natural and Cultural Heritage(
联合国环境规划署,联合国环境规划署,United Nations Environment Programme
联合国粮农组织,联合国粮农组织,Food and Agriculture Organization of the United Nations，FAO
联合国防治荒漠化公约处(德国),联合国防治荒漠化公约处(德国),United Nations Convention to Combat Desertification (Germany)
胶州湾海洋生态系统定位研究站,胶州湾海洋生态系统定位研究站,Jiaozhou Bay Marine Ecosystem Positioning Research Station
能源与环境政策研究中心,能源与环境政策研究中心,Center for Energy & Environmental Policy Research
能源环境经济研究所,能源环境经济研究所,"Institute of Energy, Environment and Economics"
自动化研究所,自动化研究所,Automation Research Institute
自然科学史研究所,自然科学史研究所,Institute of History of Natural Sciences
自然资源综合考察委员会,自然资源综合考察委员会,Natural Resources Comprehensive Survey Committee
自然资源部,自然资源部,"Ministry of Natural Resources, People’s Republic of China"
自然资源部国土整治中心,自然资源部国土整治中心,Land Management Center of Ministry of Natural Resources
自然资源部国土整治中心(自然资源部土地科技创新中心)自然资源部土地整治重点实验室,自然资源部国土整治中心,Land Management Center of Ministry of Natural Resources
自然资源部国土空间规划研究中心,自然资源部国土空间规划研究中心,Ministry of Natural Resources National Land and Space Planning Research Center
自然资源部海峡西岸海岛海岸带生态系统野外科学观测研究站,自然资源部海峡西岸海岛海岸带生态系统野外科学观测研究站,"Field Scientific Observation and Research Station for the Ecosystem of the Islands and Coastal Zones on the West Coast of the Taiwan Straits, Ministry of Natural Resources"
自然资源部第一海洋研究所,自然资源部第一海洋研究所,"First Institute of Oceanography,MNR"
自然资源部第三海洋研究所,自然资源部第三海洋研究所,"Third Institute Of Oceanography,MNR"
航天工业总公司,航天工业总公司,China Aerospace Industry Corporation
航空工业部第所,航空工业部第所,Ministry of Aviation Industry
航空航天部研究所,航空航天部研究所,Ministry of Aeronautics and Astronautics Research Institute
芬兰气象研究所,芬兰气象研究所,英文：Finnish Meteorological Institute
苏州大学,苏州大学,Soochow University
苏州该项目的组织与管理者,苏州该项目的组织与管理者,Suzhou project organizer and manager
英国剑桥大学,英国剑桥大学,University of Cambridge
英国国家科研与创新署,英国国家科研与创新署,UK Research and Innovation
英国牛津大学,英国牛津大学,University of Oxford
英国皇家植物园丘园千年种子库,英国皇家植物园丘园千年种子库,"Millennium Seed Bank, Royal Botanic Gardens, Kew"
英国诺丁汉大学,英国诺丁汉大学,University of Nottingham
荷兰代尔夫特大学,荷兰代尔夫特大学,"Delft University, The Netherlands"
荷兰代尔夫特理工大学,荷兰代尔夫特理工大学,Technische Universiteit Delft
荷兰屯特大学,荷兰屯特大学,Universiteit Twente
荷兰特温特大学,荷兰特温特大学,"University of Twente, The Netherlands"
落基山研究所,落基山研究所,Rocky Mountain Institute
著名生物学家,著名生物学家,Famous biologist
葡萄牙波尔图理工学院,葡萄牙波尔图理工学院,Polytechnic Institute of Porto
蒙古国立大学,蒙古国立大学,The National University of Mongolia
蚌埠市农业局,蚌埠市农业局,Bengbu Agricultural Bureau
西北农林科技大学,西北农林科技大学,Northwest A&F University
西北大学,西北大学,Northwest University（缩写为NWU）
西北工业大学,西北工业大学,Northwestern Polytechnical University
西北高原生物研究所,西北高原生物研究所,Northwest Institute of Plateau Biology
西南大学,西南大学,Southwest University
西南林业大学,西南林业大学,Southwest Forestry University（SWFU）
西南野生生物种质资源库”项目经理,西南野生生物种质资源库,Southwest Wildlife Germplasm Resource Bank
西安交通大学,西安交通大学,Xi’an Jiaotong University
西安光学精密机械研究所,西安光学精密机械研究所,Xi'an Institute of Optics and Precision Mechanics of CAS
西安加速器质谱中心,西安加速器质谱中心,Xi’an-AMS
西安电子科技大学,西安电子科技大学,Xidian University
西安科技大学,西安科技大学,Xi’an University of Science and Technology
西班牙isardSAT公司,isardSAT,chamoisSAT
西藏大学,西藏大学,Tibet University
计划局,中国科学院,Chinese Academy of Sciences
计算技术研究所,计算技术研究所,"Institute of Computing Technology, Chinese Academy of Sciences"
计算机体系结构国家重点实验室,计算机体系结构国家重点实验室,State Key Laboratory of Computer Architecture
计算机网络信息中心,计算机网络信息中心,Computer Network Information Center
计算机软件新技术国家重点实验室(南京大学,计算机软件新技术国家重点实验室(南京大学,State Key Laboratory of New Technologies in Computer Software (Nanjing University
许昌学院,许昌学院,Xuchang University
诺里奇NRUA,诺里奇NRUA,Norwich NRUA
贝时璋先生的学生和助手,贝时璋先生的学生和助手,Mr. Bei Shizhang's students and assistants
贝格迈思科技有限公司 数据智能研究院,"贝格迈思科技有限公司,数据智能研究院","Bergmaisi Technology Co., Ltd., Data Intelligence Research Institute"
财政部预算评审中心,财政部预算评审中心,Budget Review Center of the Ministry of Finance
贵州大学,贵州大学,Guizhou University
贵州师范大学,贵州师范大学,Guizhou Normal University
贵州省畜牧兽医研究所,贵州省畜牧兽医研究所,Guizhou Provincial Animal Husbandry and Veterinary Research Institute
贵阳中国科学院,贵阳中国科学院,Guiyang Chinese Academy of Sciences
资源与环境信息系统国家重点实验室,资源与环境信息系统国家重点实验室,State Key Laboratory of Resources and Environmental Information Systems
资源环境科学与技术局,资源环境科学与技术局,"Bureau of Resources, Environment, Science and Technology"
资源环境科学信息中心,资源环境科学信息中心,Resource and Environmental Science Information Center
赫尔辛基大学,赫尔辛基大学,Helsingin yliopisto
软件研究所,软件研究所,Institute of Software Chinese Academy of Sciences
辽宁省土壤环境大数据工程技术研究中心,辽宁省土壤环境大数据工程技术研究中心,Liaoning Provincial Soil Environment Big Data Engineering Technology Research Center
近代物理研究所,近代物理研究所,Institute of Modern Physics
近海海洋环境科学国家重点实验室,近海海洋环境科学国家重点实验室,State Key Laboratory of Coastal Marine Environmental Sciences
遗传与发育生物学研究所,遗传与发育生物学研究所,Institute of Genetics and Developmental Biology
遗传研究所,遗传研究所,Institute of Genetics
遗传资源与进化国家重点实验室&云南省高黎贡山生物多样性与生态安全重点实验室,"遗传资源与进化国家重点实验室,云南省高黎贡山生物多样性与生态安全重点实验室","State Key Laboratory of Genetic Resources and Evolution, Yunnan Key Laboratory of Biodiversity and Ecological Security in Gaoligong Mountain"
遥感应用研究所,遥感应用研究所,Institute of Remote Sensing and Digital Earth，Chinese Academy of Sciences
遥感科学国家重点实验室,遥感科学国家重点实验室,State Key Laboratory of Remote Sensing Science
遵义市第一人民医院(遵义医科大学,遵义医科大学,Zunyi Medical University
郑州大学,郑州大学,Zhengzhou University
鄂尔多斯市林业和草原局,鄂尔多斯市林业和草原局,Ordos forestry and grassland Bureau
重大科技任务局,中国科学院,Chinese Academy of Sciences
重庆大学,重庆大学,Chongqing University
重庆工商大学,重庆工商大学,Chongqing Technology and Business University
重庆市畜牧科学院,重庆市畜牧科学院,ChongQing Academy of Animal Sciences
重阳金融研究院,重阳金融研究院,Chongyang Institute for Financial Studies
金属研究所,金属研究所,Institute of Metal Research
金属腐蚀与防护研究所,金属腐蚀与防护研究所,Institute of Metal Corrosion and Protection
铁道部,铁道部,Ministry of Railways of the People's Republic of China
铁道部科学研究院,铁道部科学研究院,Ministry of Railways Scientific Research Institute
铜仁学院,铜仁学院,TONGREN UNIVERSITY
长春光学精密机械研究所,长春光学精密机械研究所,"Changchun Institute of Optics,Fine Mechanicsand Physics,Chinese Academy of Sciences"
长春应用化学研究所,长春应用化学研究所,Changchun Institute of Applied Chemistry Chinese Academy of Sciences
长春物理研究所,长春物理研究所,Changchun Institute of Physics
长春综合办公室,长春综合办公室,Changchun General Office
长江保护与绿色发展研究院,长江保护与绿色发展研究院,Yangtze River Protection and Green Development Research Institute
长江大学,长江大学,Yangtze University
长江科学院,长江科学院,Changjiang River Scientific Research Institute
长沙人工智能社会实验室,长沙人工智能社会实验室,Changsha Artificial Intelligence Social Laboratory
阿联酋沙迦美国大学,阿联酋沙迦美国大学,"American University of Sharjah, UAE"
阿里研究院,阿里研究院,The Ali Institute
陕西中医药大学,陕西中医药大学,Shaanxi University of Chinese Medicine
陕西天文台,陕西天文台,Shaanxi Astronomical Observatory
陕西师范大学,陕西师范大学,Shaanxi Normal University
陕西省地表系统与环境承载力重点实验室,陕西省地表系统与环境承载力重点实验室,Shaanxi Key Laboratory of Earth Surface System andEnvironmental Carrying Capacity
陕西省棉花所,陕西省棉花所,Shaanxi Cotton Research Institute
院兼出版图书情报委员会,院兼出版图书情报委员会,Publishing and Information Committee
青岛海洋大学,青岛海洋大学,Ocean University of China
青岛海洋研究所,青岛海洋研究所,Qingdao Institute of Oceanography
青岛海洋科学与技术国家实验室,青岛海洋科学与技术国家实验室,Qingdao National Laboratory for Marine Science and Technology
青岛海洋科学与技术国家实验室海洋动力过程与气候功能实验室,"青岛海洋科学与技术国家实验室,海洋动力过程与气候功能实验室","Qingdao National Laboratory for Marine Science and Technology, Laboratory of Ocean Dynamics and Climate Functions"
青岛高级,青岛高级,Qingdao Senior
青海大学,青海大学,Qinghai University
青海盐湖研究所,青海盐湖研究所,"Qinghai Institute of Salt Lakes,Chinese Academy of Sciences"
青海省科委,青海省科委,Qinghai Provincial Science and Technology Commission
青藏高原冰冻圈观测研究站,青藏高原冰冻圈观测研究站,Qinghai-Tibet Plateau Cryosphere Observation and Research Station
鞍钢股份有限公司技术中心,鞍钢股份有限公司技术中心,"Anshan Iron and Steel Co., Ltd. Technology Center"
页岩油气富集机理与有效开发国家重点实验室,页岩油气富集机理与有效开发国家重点实验室,State Key Laboratory of Shale Oil and Gas Enrichment Mechanism and Effective Development
首都医科大学,首都医科大学,Capital Medical University
首都经济贸易大学,首都经济贸易大学,Capital University of Economics and Business
香港中文大学,香港中文大学,The Chinese University of Hong Kong
香港城市大学,香港城市大学,City University of Hong Kong
香港大学,香港大学,The University of Hong Kong
香港工程科学院,香港工程科学院,Hong Kong Academy of Engineering Sciences
香港理工大学,香港理工大学,The Hong Kong Polytechnic University
香港科技大学,香港科技大学,The Hong Kong University of Science and Technology
马大猷先生的学生,马大猷先生的学生,Mr. Ma Dayou's students
马普金属研究所,马普金属研究所,Max Planck Institute for Metal Research
马来西亚国立大学,马来西亚国立大学,Universiti Kebangsaan Malaysia
马来西亚理工大学,马来西亚理工大学,Universiti Teknologi Malaysia
高分子材料学家 中国科学院,"高分子材料学家,中国科学院","Polymer materials scientist, Chinese Academy of Sciences"
高分子物理与化学国家重点实验室,高分子物理与化学国家重点实验室,State Key Laboratory of Polymer Physics and Chemistry
高分子物理与化学国家重点实验室学术委员会,高分子物理与化学国家重点实验室学术委员会,Academic Committee of State Key Laboratory of Polymer Physics and Chemistry
高可信软件技术教育部重点实验室(北京大学,北京大学,Peking University
高等教育出版社,高等教育出版社,Higher Education Press
高能物理研究所,高能物理研究所,The Institute of High Energy Physics of the Chinese Academy of Sciences
鲁东大学,鲁东大学,Ludong University
鹰潭红壤生态实验站,鹰潭红壤生态实验站,Yingtan Red Soil Ecological Experiment Station
黄河三角洲滨海湿地生态试验站,黄河三角洲滨海湿地生态试验站,Yellow River Delta Coastal Wetland Ecological Experimental Station
黄河水利科学研究院,黄河水利科学研究院,Yellow River Institute of Hydraulic Research
黑龙江省农业科学院,黑龙江省农业科学院,Heilongjiang Academy of Agricultural Sciences
鼎湖山森林生态系统定位研究站,鼎湖山森林生态系统定位研究站,Dinghushan Forest Ecosystem Positioning Research Station
